page,href,normalized,status
"/","/examenstof/","/examenstof/","page"
"/","/begrippen/","/begrippen/","page"
"/","/kerndoelen/mensenwerk/","/kerndoelen/mensenwerk/","page"
"/","/kerndoelen/multiculturelesamenleving/","/kerndoelen/multiculturelesamenleving/","page"
"/","/kerndoelen/massamedia/","/kerndoelen/massamedia/","page"
"/","/kerndoelen/politiekenbeleid/","/kerndoelen/politiekenbeleid/","page"
"/","/kerndoelen/criminaliteit-en-rechtsstaat/","/kerndoelen/criminaliteit-en-rechtsstaat/","page"
"/","/kerndoelen/","/kerndoelen/","page"
"/","/kerndoelen/mensenwerk/","/kerndoelen/mensenwerk/","page"
"/","/examenstof/mensenwerk-kerndoel1/","/examenstof/mensenwerk-kerndoel1/","page"
"/","/examenstof/mensenwerk-kerndoel2/","/examenstof/mensenwerk-kerndoel2/","page"
"/","/examenstof/mensenwerk-kerndoel3/","/examenstof/mensenwerk-kerndoel3/","page"
"/","/kerndoelen/multiculturelesamenleving/","/kerndoelen/multiculturelesamenleving/","page"
"/","/examenstof/multiculturelemsamenleving-kerndoel-1/","/examenstof/multiculturelemsamenleving-kerndoel-1/","page"
"/","/examenstof/multiculturelesamenleving-kerndoel2/","/examenstof/multiculturelesamenleving-kerndoel2/","page"
"/","/examenstof/multiculturelesamenleving-kerndoel3/","/examenstof/multiculturelesamenleving-kerndoel3/","page"
"/","/kerndoelen/massamedia/","/kerndoelen/massamedia/","page"
"/","/examenstof/massamedia-kerndoel1/","/examenstof/massamedia-kerndoel1/","page"
"/","/examenstof/massamedia-kerndoel2/","/examenstof/massamedia-kerndoel2/","page"
"/","/examenstof/massamedia-kerndoel3/","/examenstof/massamedia-kerndoel3/","page"
"/","/kerndoelen/politiekenbeleid/","/kerndoelen/politiekenbeleid/","page"
"/","/examenstof/politiekenbeleid-kerndoel1-1/","/examenstof/politiekenbeleid-kerndoel1-1/","page"
"/","/examenstof/politiekenbeleid-kerndoel1-2/","/examenstof/politiekenbeleid-kerndoel1-2/","page"
"/","/examenstof/politiekenbeleid-kerndoel1-3/","/examenstof/politiekenbeleid-kerndoel1-3/","page"
"/","/kerndoelen/criminaliteit-en-rechtsstaat/","/kerndoelen/criminaliteit-en-rechtsstaat/","page"
"/","/examenstof/criminaliteitenrechtsstaat-kerndoel1/","/examenstof/criminaliteitenrechtsstaat-kerndoel1/","page"
"/","/examenstof/criminaliteitenrechtsstaat-kerndoel2/","/examenstof/criminaliteitenrechtsstaat-kerndoel2/","page"
"/","/examenstof/criminaliteitenrechtsstat-kerndoel3/","/examenstof/criminaliteitenrechtsstat-kerndoel3/","page"
"/","/kerndoelen/amv/","/kerndoelen/amv/","page"
"/","/examenstof/amv-kerndoel1/","/examenstof/amv-kerndoel1/","page"
"/","/examenstof/amv-kerndoel2/","/examenstof/amv-kerndoel2/","page"
"/","/examenstof/amv-kerndoel3/","/examenstof/amv-kerndoel3/","page"
"/","/examenstof/","/examenstof/","page"
"/","/kerndoelen/","/kerndoelen/","page"
"/","/begrippen/","/begrippen/","page"
"/","/downloads/","/downloads/","page"
"/category/amv/","/kerndoelen/amv/","/kerndoelen/amv/","page"
"/category/amv/","/examenstof/amv-kerndoel1/","/examenstof/amv-kerndoel1/","page"
"/category/amv/","/examenstof/amv-kerndoel2/","/examenstof/amv-kerndoel2/","page"
"/category/amv/","/examenstof/amv-kerndoel3/","/examenstof/amv-kerndoel3/","page"
"/category/criminaliteitenrechtsstaat/","/kerndoelen/criminaliteit-en-rechtsstaat/","/kerndoelen/criminaliteit-en-rechtsstaat/","page"
"/category/criminaliteitenrechtsstaat/","/examenstof/criminaliteitenrechtsstaat-kerndoel1/","/examenstof/criminaliteitenrechtsstaat-kerndoel1/","page"
"/category/criminaliteitenrechtsstaat/","/examenstof/criminaliteitenrechtsstaat-kerndoel2/","/examenstof/criminaliteitenrechtsstaat-kerndoel2/","page"
"/category/criminaliteitenrechtsstaat/","/examenstof/criminaliteitenrechtsstat-kerndoel3/","/examenstof/criminaliteitenrechtsstat-kerndoel3/","page"
"/category/criminaliteitenrechtsstaat/","/examenstof/criminaliteitenrechtsstaat-kerndoel4/","/examenstof/criminaliteitenrechtsstaat-kerndoel4/","page"
"/category/criminaliteitenrechtsstaat/","/examenstof/criminaliteitenrechtsstaat-kerndoel5/","/examenstof/criminaliteitenrechtsstaat-kerndoel5/","page"
"/category/examenstof/","/multiculturelemsamenleving-kerndoel-1/","/multiculturelemsamenleving-kerndoel-1/","page"
"/category/examenstof/","/ml2-k-6-2-het-overheidsbeleid/","/ml2-k-6-2-het-overheidsbeleid/","page"
"/category/examenstof/","/ml2-k-6-3-sociaaleconomische-positie-allochtonen/","/ml2-k-6-3-sociaaleconomische-positie-allochtonen/","page"
"/category/examenstof/","/ml2-k-6-4-culturele-differentiatie/","/ml2-k-6-4-culturele-differentiatie/","page"
"/category/examenstof/","/ml2-k-6-5-vooroordelen-stereotypen-en-discriminatie/","/ml2-k-6-5-vooroordelen-stereotypen-en-discriminatie/","page"
"/category/examenstof/","/kerndoelen/amv/","/kerndoelen/amv/","page"
"/category/examenstof/","/kerndoelen/beeldvorming-en-stereotypering/","/kerndoelen/beeldvorming-en-stereotypering/","page"
"/category/examenstof/","/kerndoelen/criminaliteit-en-rechtsstaat/","/kerndoelen/criminaliteit-en-rechtsstaat/","page"
"/category/examenstof/","/kerndoelen/cultuur-en-socialisatie/","/kerndoelen/cultuur-en-socialisatie/","page"
"/category/examenstof/","/kerndoelen/domein-b-rechtsstaat/","/kerndoelen/domein-b-rechtsstaat/","page"
"/category/examenstof/","/kerndoelen/domein-c-parlementaire-democratie/","/kerndoelen/domein-c-parlementaire-democratie/","page"
"/category/examenstof/","/kerndoelen/domein-d-verzorgingsstaat/","/kerndoelen/domein-d-verzorgingsstaat/","page"
"/category/examenstof/","/kerndoelen/domien-e-pluriforme-samenleving/","/kerndoelen/domien-e-pluriforme-samenleving/","page"
"/category/examenstof/","/kerndoelen/maatschappijleer/","/kerndoelen/maatschappijleer/","page"
"/category/examenstof/","/kerndoelen/maatschappijleer-vmbo/","/kerndoelen/maatschappijleer-vmbo/","page"
"/category/examenstof/","/kerndoelen/macht-en-zeggenschap/","/kerndoelen/macht-en-zeggenschap/","page"
"/category/examenstof/","/kerndoelen/massamedia/","/kerndoelen/massamedia/","page"
"/category/examenstof/","/kerndoelen/mensenwerk/","/kerndoelen/mensenwerk/","page"
"/category/examenstof/","/kerndoelen/multiculturelesamenleving/","/kerndoelen/multiculturelesamenleving/","page"
"/category/examenstof/","/kerndoelen/politiekenbeleid/","/kerndoelen/politiekenbeleid/","page"
"/category/examenstof/","/kerndoelen/sociale-verschillen/","/kerndoelen/sociale-verschillen/","page"
"/category/featured/","/examenstof/analyse-maatschappelijk-vraagstuk/","/examenstof/analyse-maatschappelijk-vraagstuk/","page"
"/category/featured/","/kerndoelen/amv/","/kerndoelen/amv/","page"
"/category/featured/","/kerndoelen/beeldvorming-en-stereotypering/","/kerndoelen/beeldvorming-en-stereotypering/","page"
"/category/featured/","/begrippen/","/begrippen/","page"
"/category/featured/","/examenstof/criminaliteit-en-rechtsstaat/","/examenstof/criminaliteit-en-rechtsstaat/","page"
"/category/featured/","/kerndoelen/criminaliteit-en-rechtsstaat/","/kerndoelen/criminaliteit-en-rechtsstaat/","page"
"/category/featured/","/kerndoelen/cultuur-en-socialisatie/","/kerndoelen/cultuur-en-socialisatie/","page"
"/category/featured/","/kerndoelen/domein-b-rechtsstaat/","/kerndoelen/domein-b-rechtsstaat/","page"
"/category/featured/","/kerndoelen/domein-c-parlementaire-democratie/","/kerndoelen/domein-c-parlementaire-democratie/","page"
"/category/featured/","/kerndoelen/domein-d-verzorgingsstaat/","/kerndoelen/domein-d-verzorgingsstaat/","page"
"/category/featured/","/kerndoelen/domien-e-pluriforme-samenleving/","/kerndoelen/domien-e-pluriforme-samenleving/","page"
"/category/featured/","/downloads/","/downloads/","page"
"/category/featured/","/category/examenstof/","/category/examenstof/","page"
"/category/featured/","/examenstof/","/examenstof/","page"
"/category/featured/","/examenstof/criminaliteitenrechtsstaat-kerndoel1/","/examenstof/criminaliteitenrechtsstaat-kerndoel1/","page"
"/category/featured/","/examenstof/massamedia-kerndoel1/","/examenstof/massamedia-kerndoel1/","page"
"/category/featured/","/examenstof/mensenwerk-kerndoel1/","/examenstof/mensenwerk-kerndoel1/","page"
"/category/featured/","/examenstof/pluriformesamenleving-kerndoel1/","/examenstof/pluriformesamenleving-kerndoel1/","page"
"/category/featured/","/examenstof/verzorgingsstaat-kerndoel1/","/examenstof/verzorgingsstaat-kerndoel1/","page"
"/category/featured/","/examenstof/amv-kerndoel1/","/examenstof/amv-kerndoel1/","page"
"/category/featured/","/examenstof/machtenzeggenschap-kerndoel1/","/examenstof/machtenzeggenschap-kerndoel1/","page"
"/category/featured/","/examenstof/multiculturelemsamenleving-kerndoel-1/","/examenstof/multiculturelemsamenleving-kerndoel-1/","page"
"/category/featured/","/examenstof/beeldvormingenstereotypering-kerndoel1/","/examenstof/beeldvormingenstereotypering-kerndoel1/","page"
"/category/featured/","/examenstof/socialeverschillen-kerndoel1/","/examenstof/socialeverschillen-kerndoel1/","page"
"/category/featured/","/examenstof/cultuurensocialisatie-kerndoel1/","/examenstof/cultuurensocialisatie-kerndoel1/","page"
"/category/featured/","/examenstof/rechtsstaat-kerndoel1/","/examenstof/rechtsstaat-kerndoel1/","page"
"/category/featured/","/examenstof/politiekenbeleid-kerndoel1-1/","/examenstof/politiekenbeleid-kerndoel1-1/","page"
"/category/featured/","/examenstof/politiekenbeleid-kerndoel1-2/","/examenstof/politiekenbeleid-kerndoel1-2/","page"
"/category/featured/","/examenstof/politiekenbeleid-kerndoel1-3/","/examenstof/politiekenbeleid-kerndoel1-3/","page"
"/category/featured/","/examenstof/politiekenbeleid-kerndoel1-4/","/examenstof/politiekenbeleid-kerndoel1-4/","page"
"/category/featured/","/examenstof/socialeverschillen-kerndoel2/","/examenstof/socialeverschillen-kerndoel2/","page"
"/category/featured/","/examenstof/mensenwerk-kerndoel2/","/examenstof/mensenwerk-kerndoel2/","page"
"/category/featured/","/examenstof/politiekenbeleid-kerndoel2/","/examenstof/politiekenbeleid-kerndoel2/","page"
"/category/featured/","/examenstof/massamedia-kerndoel2/","/examenstof/massamedia-kerndoel2/","page"
"/category/featured/","/examenstof/rechtsstaat-kerndoel2/","/examenstof/rechtsstaat-kerndoel2/","page"
"/category/featured/","/examenstof/pluriformesamenleving-kerndoel2/","/examenstof/pluriformesamenleving-kerndoel2/","page"
"/category/featured/","/examenstof/multiculturelesamenleving-kerndoel2/","/examenstof/multiculturelesamenleving-kerndoel2/","page"
"/category/featured/","/examenstof/criminaliteitenrechtsstaat-kerndoel2/","/examenstof/criminaliteitenrechtsstaat-kerndoel2/","page"
"/category/featured/","/examenstof/amv-kerndoel2/","/examenstof/amv-kerndoel2/","page"
"/category/featured/","/examenstof/machtenzeggenschap-kerndoel2/","/examenstof/machtenzeggenschap-kerndoel2/","page"
"/category/featured/","/examenstof/verzorgingsstaat-kerndoel2/","/examenstof/verzorgingsstaat-kerndoel2/","page"
"/category/featured/","/examenstof/cultuurensocialisatie-kerndoel2/","/examenstof/cultuurensocialisatie-kerndoel2/","page"
"/category/featured/","/examenstof/beeldvormingenstereotypering-kerndoel2/","/examenstof/beeldvormingenstereotypering-kerndoel2/","page"
"/category/featured/","/examenstof/pluriformesamenleving-kerndoel3/","/examenstof/pluriformesamenleving-kerndoel3/","page"
"/category/featured/","/examenstof/verzorgingsstaat-kerndoel3-2/","/examenstof/verzorgingsstaat-kerndoel3-2/","page"
"/category/featured/","/examenstof/amv-kerndoel3/","/examenstof/amv-kerndoel3/","page"
"/category/featured/","/examenstof/rechtsstaat-kerndoel3/","/examenstof/rechtsstaat-kerndoel3/","page"
"/category/featured/","/examenstof/machtenzeggenschap-kerndoel3/","/examenstof/machtenzeggenschap-kerndoel3/","page"
"/category/featured/","/examenstof/massamedia-kerndoel3/","/examenstof/massamedia-kerndoel3/","page"
"/category/featured/","/examenstof/criminaliteitenrechtsstat-kerndoel3/","/examenstof/criminaliteitenrechtsstat-kerndoel3/","page"
"/category/featured/","/examenstof/socialeverschillen-kerndoel3/","/examenstof/socialeverschillen-kerndoel3/","page"
"/category/featured/","/examenstof/politiekenbeleid-kerndoel3/","/examenstof/politiekenbeleid-kerndoel3/","page"
"/category/featured/","/examenstof/cultuurensocialisatie-kerndoel3/","/examenstof/cultuurensocialisatie-kerndoel3/","page"
"/category/featured/","/examenstof/mensenwerk-kerndoel3/","/examenstof/mensenwerk-kerndoel3/","page"
"/category/featured/","/examenstof/multiculturelesamenleving-kerndoel3/","/examenstof/multiculturelesamenleving-kerndoel3/","page"
"/category/featured/","/examenstof/beeldvormingenstereotypring-kerndoel4/","/examenstof/beeldvormingenstereotypring-kerndoel4/","page"
"/category/featured/","/examenstof/multiculturelesamenleving-kerndoel4/","/examenstof/multiculturelesamenleving-kerndoel4/","page"
"/category/featured/","/examenstof/massamedia-kerndoel4/","/examenstof/massamedia-kerndoel4/","page"
"/category/featured/","/examenstof/mensenwerk-kerndoel4/","/examenstof/mensenwerk-kerndoel4/","page"
"/category/featured/","/examenstof/criminaliteitenrechtsstaat-kerndoel4/","/examenstof/criminaliteitenrechtsstaat-kerndoel4/","page"
"/category/featured/","/examenstof/pluriformesamenleving-kerndoel4/","/examenstof/pluriformesamenleving-kerndoel4/","page"
"/category/featured/","/examenstof/verzorgingsstaat-kerndoel4/","/examenstof/verzorgingsstaat-kerndoel4/","page"
"/category/featured/","/examenstof/machtenzeggenschap-kerndoel4/","/examenstof/machtenzeggenschap-kerndoel4/","page"
"/category/featured/","/examenstof/politiekenbeleid-kerndoel4/","/examenstof/politiekenbeleid-kerndoel4/","page"
"/category/featured/","/examenstof/mensenwerk-kerndoel5/","/examenstof/mensenwerk-kerndoel5/","page"
"/category/featured/","/examenstof/politiekenbeleid-kerndoel5/","/examenstof/politiekenbeleid-kerndoel5/","page"
"/category/featured/","/examenstof/criminaliteitenrechtsstaat-kerndoel5/","/examenstof/criminaliteitenrechtsstaat-kerndoel5/","page"
"/category/featured/","/examenstof/multiculturelesamenleving-kerndoel5/","/examenstof/multiculturelesamenleving-kerndoel5/","page"
"/category/featured/","/examenstof/mensenwerk-kerndoel6/","/examenstof/mensenwerk-kerndoel6/","page"
"/category/featured/","/kerndoelen/","/kerndoelen/","page"
"/category/featured/","/kerndoelen/maatschappijleer/","/kerndoelen/maatschappijleer/","page"
"/category/featured/","/kerndoelen/maatschappijleer-vmbo/","/kerndoelen/maatschappijleer-vmbo/","page"
"/category/featured/","/kerndoelen/macht-en-zeggenschap/","/kerndoelen/macht-en-zeggenschap/","page"
"/category/featured/","/kerndoelen/massamedia/","/kerndoelen/massamedia/","page"
"/category/featured/","/examenstof/mens-en-werk/","/examenstof/mens-en-werk/","page"
"/category/featured/","/kerndoelen/mensenwerk/","/kerndoelen/mensenwerk/","page"
"/category/featured/","/kerndoelen/multiculturelesamenleving/","/kerndoelen/multiculturelesamenleving/","page"
"/category/featured/","/examenstof/politiekenbeleid/","/examenstof/politiekenbeleid/","page"
"/category/featured/","/kerndoelen/politiekenbeleid/","/kerndoelen/politiekenbeleid/","page"
"/category/featured/","/kerndoelen/sociale-verschillen/","/kerndoelen/sociale-verschillen/","page"
"/category/massamedia/","/kerndoelen/massamedia/","/kerndoelen/massamedia/","page"
"/category/massamedia/","/examenstof/massamedia-kerndoel1/","/examenstof/massamedia-kerndoel1/","page"
"/category/massamedia/","/examenstof/massamedia-kerndoel2/","/examenstof/massamedia-kerndoel2/","page"
"/category/massamedia/","/examenstof/massamedia-kerndoel3/","/examenstof/massamedia-kerndoel3/","page"
"/category/massamedia/","/examenstof/massamedia-kerndoel4/","/examenstof/massamedia-kerndoel4/","page"
"/category/mens-en-werk/","/kerndoelen/mensenwerk/","/kerndoelen/mensenwerk/","page"
"/category/mens-en-werk/","/examenstof/mensenwerk-kerndoel1/","/examenstof/mensenwerk-kerndoel1/","page"
"/category/mens-en-werk/","/examenstof/mensenwerk-kerndoel2/","/examenstof/mensenwerk-kerndoel2/","page"
"/category/mens-en-werk/","/examenstof/mensenwerk-kerndoel3/","/examenstof/mensenwerk-kerndoel3/","page"
"/category/mens-en-werk/","/examenstof/mensenwerk-kerndoel4/","/examenstof/mensenwerk-kerndoel4/","page"
"/category/mens-en-werk/","/examenstof/mensenwerk-kerndoel5/","/examenstof/mensenwerk-kerndoel5/","page"
"/category/mens-en-werk/","/examenstof/mensenwerk-kerndoel6/","/examenstof/mensenwerk-kerndoel6/","page"
"/category/multiculti/","/multiculturelemsamenleving-kerndoel-1/","/multiculturelemsamenleving-kerndoel-1/","page"
"/category/multiculti/","/ml2-k-6-2-het-overheidsbeleid/","/ml2-k-6-2-het-overheidsbeleid/","page"
"/category/multiculti/","/ml2-k-6-3-sociaaleconomische-positie-allochtonen/","/ml2-k-6-3-sociaaleconomische-positie-allochtonen/","page"
"/category/multiculti/","/ml2-k-6-4-culturele-differentiatie/","/ml2-k-6-4-culturele-differentiatie/","page"
"/category/multiculti/","/ml2-k-6-5-vooroordelen-stereotypen-en-discriminatie/","/ml2-k-6-5-vooroordelen-stereotypen-en-discriminatie/","page"
"/category/multiculti/","/examenstof/multiculturelemsamenleving-kerndoel-1/","/examenstof/multiculturelemsamenleving-kerndoel-1/","page"
"/category/multiculti/","/examenstof/multiculturelesamenleving-kerndoel2/","/examenstof/multiculturelesamenleving-kerndoel2/","page"
"/category/multiculti/","/examenstof/multiculturelesamenleving-kerndoel3/","/examenstof/multiculturelesamenleving-kerndoel3/","page"
"/category/multiculti/","/examenstof/multiculturelesamenleving-kerndoel4/","/examenstof/multiculturelesamenleving-kerndoel4/","page"
"/category/multiculti/","/examenstof/multiculturelesamenleving-kerndoel5/","/examenstof/multiculturelesamenleving-kerndoel5/","page"
"/category/politiekenbeleid/","/kerndoelen/politiekenbeleid/","/kerndoelen/politiekenbeleid/","page"
"/category/politiekenbeleid/","/examenstof/politiekenbeleid-kerndoel1-1/","/examenstof/politiekenbeleid-kerndoel1-1/","page"
"/category/politiekenbeleid/","/examenstof/politiekenbeleid-kerndoel1-2/","/examenstof/politiekenbeleid-kerndoel1-2/","page"
"/category/politiekenbeleid/","/examenstof/politiekenbeleid-kerndoel1-3/","/examenstof/politiekenbeleid-kerndoel1-3/","page"
"/category/politiekenbeleid/","/examenstof/politiekenbeleid-kerndoel1-4/","/examenstof/politiekenbeleid-kerndoel1-4/","page"
"/category/politiekenbeleid/","/examenstof/politiekenbeleid-kerndoel2/","/examenstof/politiekenbeleid-kerndoel2/","page"
"/category/politiekenbeleid/","/examenstof/politiekenbeleid-kerndoel3/","/examenstof/politiekenbeleid-kerndoel3/","page"
"/category/politiekenbeleid/","/examenstof/politiekenbeleid-kerndoel4/","/examenstof/politiekenbeleid-kerndoel4/","page"
"/category/politiekenbeleid/","/examenstof/politiekenbeleid-kerndoel5/","/examenstof/politiekenbeleid-kerndoel5/","page"
"/contact-support/","/examenstof/analyse-maatschappelijk-vraagstuk/","/examenstof/analyse-maatschappelijk-vraagstuk/","page"
"/contact-support/","/kerndoelen/amv/","/kerndoelen/amv/","page"
"/contact-support/","/kerndoelen/beeldvorming-en-stereotypering/","/kerndoelen/beeldvorming-en-stereotypering/","page"
"/contact-support/","/begrippen/","/begrippen/","page"
"/contact-support/","/examenstof/criminaliteit-en-rechtsstaat/","/examenstof/criminaliteit-en-rechtsstaat/","page"
"/contact-support/","/kerndoelen/criminaliteit-en-rechtsstaat/","/kerndoelen/criminaliteit-en-rechtsstaat/","page"
"/contact-support/","/kerndoelen/cultuur-en-socialisatie/","/kerndoelen/cultuur-en-socialisatie/","page"
"/contact-support/","/kerndoelen/domein-b-rechtsstaat/","/kerndoelen/domein-b-rechtsstaat/","page"
"/contact-support/","/kerndoelen/domein-c-parlementaire-democratie/","/kerndoelen/domein-c-parlementaire-democratie/","page"
"/contact-support/","/kerndoelen/domein-d-verzorgingsstaat/","/kerndoelen/domein-d-verzorgingsstaat/","page"
"/contact-support/","/kerndoelen/domien-e-pluriforme-samenleving/","/kerndoelen/domien-e-pluriforme-samenleving/","page"
"/contact-support/","/category/examenstof/","/category/examenstof/","page"
"/contact-support/","/examenstof/","/examenstof/","page"
"/contact-support/","/examenstof/criminaliteitenrechtsstaat-kerndoel1/","/examenstof/criminaliteitenrechtsstaat-kerndoel1/","page"
"/contact-support/","/examenstof/massamedia-kerndoel1/","/examenstof/massamedia-kerndoel1/","page"
"/contact-support/","/examenstof/mensenwerk-kerndoel1/","/examenstof/mensenwerk-kerndoel1/","page"
"/contact-support/","/examenstof/pluriformesamenleving-kerndoel1/","/examenstof/pluriformesamenleving-kerndoel1/","page"
"/contact-support/","/examenstof/verzorgingsstaat-kerndoel1/","/examenstof/verzorgingsstaat-kerndoel1/","page"
"/contact-support/","/examenstof/amv-kerndoel1/","/examenstof/amv-kerndoel1/","page"
"/contact-support/","/examenstof/machtenzeggenschap-kerndoel1/","/examenstof/machtenzeggenschap-kerndoel1/","page"
"/contact-support/","/examenstof/multiculturelemsamenleving-kerndoel-1/","/examenstof/multiculturelemsamenleving-kerndoel-1/","page"
"/contact-support/","/examenstof/beeldvormingenstereotypering-kerndoel1/","/examenstof/beeldvormingenstereotypering-kerndoel1/","page"
"/contact-support/","/examenstof/socialeverschillen-kerndoel1/","/examenstof/socialeverschillen-kerndoel1/","page"
"/contact-support/","/examenstof/cultuurensocialisatie-kerndoel1/","/examenstof/cultuurensocialisatie-kerndoel1/","page"
"/contact-support/","/examenstof/rechtsstaat-kerndoel1/","/examenstof/rechtsstaat-kerndoel1/","page"
"/contact-support/","/examenstof/politiekenbeleid-kerndoel1-1/","/examenstof/politiekenbeleid-kerndoel1-1/","page"
"/contact-support/","/examenstof/politiekenbeleid-kerndoel1-2/","/examenstof/politiekenbeleid-kerndoel1-2/","page"
"/contact-support/","/examenstof/politiekenbeleid-kerndoel1-3/","/examenstof/politiekenbeleid-kerndoel1-3/","page"
"/contact-support/","/examenstof/politiekenbeleid-kerndoel1-4/","/examenstof/politiekenbeleid-kerndoel1-4/","page"
"/contact-support/","/examenstof/socialeverschillen-kerndoel2/","/examenstof/socialeverschillen-kerndoel2/","page"
"/contact-support/","/examenstof/mensenwerk-kerndoel2/","/examenstof/mensenwerk-kerndoel2/","page"
"/contact-support/","/examenstof/politiekenbeleid-kerndoel2/","/examenstof/politiekenbeleid-kerndoel2/","page"
"/contact-support/","/examenstof/massamedia-kerndoel2/","/examenstof/massamedia-kerndoel2/","page"
"/contact-support/","/examenstof/rechtsstaat-kerndoel2/","/examenstof/rechtsstaat-kerndoel2/","page"
"/contact-support/","/examenstof/pluriformesamenleving-kerndoel2/","/examenstof/pluriformesamenleving-kerndoel2/","page"
"/contact-support/","/examenstof/multiculturelesamenleving-kerndoel2/","/examenstof/multiculturelesamenleving-kerndoel2/","page"
"/contact-support/","/examenstof/criminaliteitenrechtsstaat-kerndoel2/","/examenstof/criminaliteitenrechtsstaat-kerndoel2/","page"
"/contact-support/","/examenstof/amv-kerndoel2/","/examenstof/amv-kerndoel2/","page"
"/contact-support/","/examenstof/machtenzeggenschap-kerndoel2/","/examenstof/machtenzeggenschap-kerndoel2/","page"
"/contact-support/","/examenstof/verzorgingsstaat-kerndoel2/","/examenstof/verzorgingsstaat-kerndoel2/","page"
"/contact-support/","/examenstof/cultuurensocialisatie-kerndoel2/","/examenstof/cultuurensocialisatie-kerndoel2/","page"
"/contact-support/","/examenstof/beeldvormingenstereotypering-kerndoel2/","/examenstof/beeldvormingenstereotypering-kerndoel2/","page"
"/contact-support/","/examenstof/pluriformesamenleving-kerndoel3/","/examenstof/pluriformesamenleving-kerndoel3/","page"
"/contact-support/","/examenstof/verzorgingsstaat-kerndoel3-2/","/examenstof/verzorgingsstaat-kerndoel3-2/","page"
"/contact-support/","/examenstof/amv-kerndoel3/","/examenstof/amv-kerndoel3/","page"
"/contact-support/","/examenstof/rechtsstaat-kerndoel3/","/examenstof/rechtsstaat-kerndoel3/","page"
"/contact-support/","/examenstof/machtenzeggenschap-kerndoel3/","/examenstof/machtenzeggenschap-kerndoel3/","page"
"/contact-support/","/examenstof/massamedia-kerndoel3/","/examenstof/massamedia-kerndoel3/","page"
"/contact-support/","/examenstof/criminaliteitenrechtsstat-kerndoel3/","/examenstof/criminaliteitenrechtsstat-kerndoel3/","page"
"/contact-support/","/examenstof/socialeverschillen-kerndoel3/","/examenstof/socialeverschillen-kerndoel3/","page"
"/contact-support/","/examenstof/politiekenbeleid-kerndoel3/","/examenstof/politiekenbeleid-kerndoel3/","page"
"/contact-support/","/examenstof/cultuurensocialisatie-kerndoel3/","/examenstof/cultuurensocialisatie-kerndoel3/","page"
"/contact-support/","/examenstof/mensenwerk-kerndoel3/","/examenstof/mensenwerk-kerndoel3/","page"
"/contact-support/","/examenstof/multiculturelesamenleving-kerndoel3/","/examenstof/multiculturelesamenleving-kerndoel3/","page"
"/contact-support/","/examenstof/beeldvormingenstereotypring-kerndoel4/","/examenstof/beeldvormingenstereotypring-kerndoel4/","page"
"/contact-support/","/examenstof/multiculturelesamenleving-kerndoel4/","/examenstof/multiculturelesamenleving-kerndoel4/","page"
"/contact-support/","/examenstof/massamedia-kerndoel4/","/examenstof/massamedia-kerndoel4/","page"
"/contact-support/","/examenstof/mensenwerk-kerndoel4/","/examenstof/mensenwerk-kerndoel4/","page"
"/contact-support/","/examenstof/criminaliteitenrechtsstaat-kerndoel4/","/examenstof/criminaliteitenrechtsstaat-kerndoel4/","page"
"/contact-support/","/examenstof/pluriformesamenleving-kerndoel4/","/examenstof/pluriformesamenleving-kerndoel4/","page"
"/contact-support/","/examenstof/verzorgingsstaat-kerndoel4/","/examenstof/verzorgingsstaat-kerndoel4/","page"
"/contact-support/","/examenstof/machtenzeggenschap-kerndoel4/","/examenstof/machtenzeggenschap-kerndoel4/","page"
"/contact-support/","/examenstof/politiekenbeleid-kerndoel4/","/examenstof/politiekenbeleid-kerndoel4/","page"
"/contact-support/","/examenstof/mensenwerk-kerndoel5/","/examenstof/mensenwerk-kerndoel5/","page"
"/contact-support/","/examenstof/politiekenbeleid-kerndoel5/","/examenstof/politiekenbeleid-kerndoel5/","page"
"/contact-support/","/examenstof/criminaliteitenrechtsstaat-kerndoel5/","/examenstof/criminaliteitenrechtsstaat-kerndoel5/","page"
"/contact-support/","/examenstof/multiculturelesamenleving-kerndoel5/","/examenstof/multiculturelesamenleving-kerndoel5/","page"
"/contact-support/","/examenstof/mensenwerk-kerndoel6/","/examenstof/mensenwerk-kerndoel6/","page"
"/contact-support/","/kerndoelen/","/kerndoelen/","page"
"/contact-support/","/kerndoelen/maatschappijleer/","/kerndoelen/maatschappijleer/","page"
"/contact-support/","/kerndoelen/maatschappijleer-vmbo/","/kerndoelen/maatschappijleer-vmbo/","page"
"/contact-support/","/kerndoelen/macht-en-zeggenschap/","/kerndoelen/macht-en-zeggenschap/","page"
"/contact-support/","/kerndoelen/massamedia/","/kerndoelen/massamedia/","page"
"/contact-support/","/examenstof/mens-en-werk/","/examenstof/mens-en-werk/","page"
"/contact-support/","/kerndoelen/mensenwerk/","/kerndoelen/mensenwerk/","page"
"/contact-support/","/kerndoelen/multiculturelesamenleving/","/kerndoelen/multiculturelesamenleving/","page"
"/contact-support/","/over/","/over/","page"
"/contact-support/","/examenstof/politiekenbeleid/","/examenstof/politiekenbeleid/","page"
"/contact-support/","/kerndoelen/politiekenbeleid/","/kerndoelen/politiekenbeleid/","page"
"/contact-support/","/kerndoelen/sociale-verschillen/","/kerndoelen/sociale-verschillen/","page"
"/examenstof-2/","/kerndoelen/amv/","/kerndoelen/amv/","page"
"/examenstof-2/","/kerndoelen/beeldvorming-en-stereotypering/","/kerndoelen/beeldvorming-en-stereotypering/","page"
"/examenstof-2/","/kerndoelen/criminaliteit-en-rechtsstaat/","/kerndoelen/criminaliteit-en-rechtsstaat/","page"
"/examenstof-2/","/kerndoelen/cultuur-en-socialisatie/","/kerndoelen/cultuur-en-socialisatie/","page"
"/examenstof-2/","/kerndoelen/domein-b-rechtsstaat/","/kerndoelen/domein-b-rechtsstaat/","page"
"/examenstof-2/","/kerndoelen/domein-c-parlementaire-democratie/","/kerndoelen/domein-c-parlementaire-democratie/","page"
"/examenstof-2/","/kerndoelen/domein-d-verzorgingsstaat/","/kerndoelen/domein-d-verzorgingsstaat/","page"
"/examenstof-2/","/kerndoelen/domien-e-pluriforme-samenleving/","/kerndoelen/domien-e-pluriforme-samenleving/","page"
"/examenstof-2/","/kerndoelen/maatschappijleer/","/kerndoelen/maatschappijleer/","page"
"/examenstof-2/","/kerndoelen/maatschappijleer-vmbo/","/kerndoelen/maatschappijleer-vmbo/","page"
"/examenstof-2/","/kerndoelen/macht-en-zeggenschap/","/kerndoelen/macht-en-zeggenschap/","page"
"/examenstof-2/","/kerndoelen/massamedia/","/kerndoelen/massamedia/","page"
"/examenstof-2/","/kerndoelen/mensenwerk/","/kerndoelen/mensenwerk/","page"
"/examenstof-2/","/kerndoelen/multiculturelesamenleving/","/kerndoelen/multiculturelesamenleving/","page"
"/examenstof-2/","/kerndoelen/politiekenbeleid/","/kerndoelen/politiekenbeleid/","page"
"/examenstof-2/","/kerndoelen/sociale-verschillen/","/kerndoelen/sociale-verschillen/","page"
"/examenstof/","/kerndoelen/mensenwerk/","/kerndoelen/mensenwerk/","page"
"/examenstof/","/examenstof/mensenwerk-kerndoel1/","/examenstof/mensenwerk-kerndoel1/","page"
"/examenstof/","/examenstof/mensenwerk-kerndoel2/","/examenstof/mensenwerk-kerndoel2/","page"
"/examenstof/","/examenstof/mensenwerk-kerndoel3/","/examenstof/mensenwerk-kerndoel3/","page"
"/examenstof/","/examenstof/mensenwerk-kerndoel4/","/examenstof/mensenwerk-kerndoel4/","page"
"/examenstof/","/examenstof/mensenwerk-kerndoel5/","/examenstof/mensenwerk-kerndoel5/","page"
"/examenstof/","/examenstof/mensenwerk-kerndoel6/","/examenstof/mensenwerk-kerndoel6/","page"
"/examenstof/","/kerndoelen/multiculturelesamenleving/","/kerndoelen/multiculturelesamenleving/","page"
"/examenstof/","/examenstof/multiculturelemsamenleving-kerndoel-1/","/examenstof/multiculturelemsamenleving-kerndoel-1/","page"
"/examenstof/","/examenstof/multiculturelesamenleving-kerndoel2/","/examenstof/multiculturelesamenleving-kerndoel2/","page"
"/examenstof/","/examenstof/multiculturelesamenleving-kerndoel3/","/examenstof/multiculturelesamenleving-kerndoel3/","page"
"/examenstof/","/examenstof/multiculturelesamenleving-kerndoel4/","/examenstof/multiculturelesamenleving-kerndoel4/","page"
"/examenstof/","/examenstof/multiculturelesamenleving-kerndoel5/","/examenstof/multiculturelesamenleving-kerndoel5/","page"
"/examenstof/","/kerndoelen/massamedia/","/kerndoelen/massamedia/","page"
"/examenstof/","/examenstof/massamedia-kerndoel1/","/examenstof/massamedia-kerndoel1/","page"
"/examenstof/","/examenstof/massamedia-kerndoel2/","/examenstof/massamedia-kerndoel2/","page"
"/examenstof/","/examenstof/massamedia-kerndoel3/","/examenstof/massamedia-kerndoel3/","page"
"/examenstof/","/examenstof/massamedia-kerndoel4/","/examenstof/massamedia-kerndoel4/","page"
"/examenstof/","/kerndoelen/politiekenbeleid/","/kerndoelen/politiekenbeleid/","page"
"/examenstof/","/examenstof/politiekenbeleid-kerndoel1-1/","/examenstof/politiekenbeleid-kerndoel1-1/","page"
"/examenstof/","/examenstof/politiekenbeleid-kerndoel1-2/","/examenstof/politiekenbeleid-kerndoel1-2/","page"
"/examenstof/","/examenstof/politiekenbeleid-kerndoel1-3/","/examenstof/politiekenbeleid-kerndoel1-3/","page"
"/examenstof/","/examenstof/politiekenbeleid-kerndoel1-4/","/examenstof/politiekenbeleid-kerndoel1-4/","page"
"/examenstof/","/examenstof/politiekenbeleid-kerndoel2/","/examenstof/politiekenbeleid-kerndoel2/","page"
"/examenstof/","/examenstof/politiekenbeleid-kerndoel3/","/examenstof/politiekenbeleid-kerndoel3/","page"
"/examenstof/","/examenstof/politiekenbeleid-kerndoel4/","/examenstof/politiekenbeleid-kerndoel4/","page"
"/examenstof/","/examenstof/politiekenbeleid-kerndoel5/","/examenstof/politiekenbeleid-kerndoel5/","page"
"/examenstof/","/kerndoelen/criminaliteit-en-rechtsstaat/","/kerndoelen/criminaliteit-en-rechtsstaat/","page"
"/examenstof/","/examenstof/criminaliteitenrechtsstaat-kerndoel1/","/examenstof/criminaliteitenrechtsstaat-kerndoel1/","page"
"/examenstof/","/examenstof/criminaliteitenrechtsstaat-kerndoel2/","/examenstof/criminaliteitenrechtsstaat-kerndoel2/","page"
"/examenstof/","/examenstof/criminaliteitenrechtsstat-kerndoel3/","/examenstof/criminaliteitenrechtsstat-kerndoel3/","page"
"/examenstof/","/examenstof/criminaliteitenrechtsstaat-kerndoel4/","/examenstof/criminaliteitenrechtsstaat-kerndoel4/","page"
"/examenstof/","/examenstof/criminaliteitenrechtsstaat-kerndoel5/","/examenstof/criminaliteitenrechtsstaat-kerndoel5/","page"
"/examenstof/","/kerndoelen/amv/","/kerndoelen/amv/","page"
"/examenstof/","/examenstof/amv-kerndoel1/","/examenstof/amv-kerndoel1/","page"
"/examenstof/","/examenstof/amv-kerndoel2/","/examenstof/amv-kerndoel2/","page"
"/examenstof/","/examenstof/amv-kerndoel3/","/examenstof/amv-kerndoel3/","page"
"/examenstof/","/kerndoelen/maatschappijleer-vmbo/","/kerndoelen/maatschappijleer-vmbo/","page"
"/examenstof/","/kerndoelen/beeldvorming-en-stereotypering/","/kerndoelen/beeldvorming-en-stereotypering/","page"
"/examenstof/","/kerndoelen/cultuur-en-socialisatie/","/kerndoelen/cultuur-en-socialisatie/","page"
"/examenstof/","/kerndoelen/macht-en-zeggenschap/","/kerndoelen/macht-en-zeggenschap/","page"
"/examenstof/","/kerndoelen/sociale-verschillen/","/kerndoelen/sociale-verschillen/","page"
"/examenstof/","/examenstof/machtenzeggenschap-kerndoel1/","/examenstof/machtenzeggenschap-kerndoel1/","page"
"/examenstof/","/examenstof/beeldvormingenstereotypering-kerndoel1/","/examenstof/beeldvormingenstereotypering-kerndoel1/","page"
"/examenstof/","/examenstof/socialeverschillen-kerndoel1/","/examenstof/socialeverschillen-kerndoel1/","page"
"/examenstof/","/examenstof/cultuurensocialisatie-kerndoel1/","/examenstof/cultuurensocialisatie-kerndoel1/","page"
"/examenstof/","/examenstof/socialeverschillen-kerndoel2/","/examenstof/socialeverschillen-kerndoel2/","page"
"/examenstof/","/examenstof/machtenzeggenschap-kerndoel2/","/examenstof/machtenzeggenschap-kerndoel2/","page"
"/examenstof/","/examenstof/cultuurensocialisatie-kerndoel2/","/examenstof/cultuurensocialisatie-kerndoel2/","page"
"/examenstof/","/examenstof/beeldvormingenstereotypering-kerndoel2/","/examenstof/beeldvormingenstereotypering-kerndoel2/","page"
"/examenstof/","/examenstof/machtenzeggenschap-kerndoel3/","/examenstof/machtenzeggenschap-kerndoel3/","page"
"/examenstof/","/examenstof/socialeverschillen-kerndoel3/","/examenstof/socialeverschillen-kerndoel3/","page"
"/examenstof/","/examenstof/cultuurensocialisatie-kerndoel3/","/examenstof/cultuurensocialisatie-kerndoel3/","page"
"/examenstof/","/examenstof/beeldvormingenstereotypring-kerndoel4/","/examenstof/beeldvormingenstereotypring-kerndoel4/","page"
"/examenstof/","/examenstof/machtenzeggenschap-kerndoel4/","/examenstof/machtenzeggenschap-kerndoel4/","page"
"/examenstof/","/kerndoelen/maatschappijleer/","/kerndoelen/maatschappijleer/","page"
"/examenstof/","/kerndoelen/domein-b-rechtsstaat/","/kerndoelen/domein-b-rechtsstaat/","page"
"/examenstof/","/kerndoelen/domein-c-parlementaire-democratie/","/kerndoelen/domein-c-parlementaire-democratie/","page"
"/examenstof/","/kerndoelen/domein-d-verzorgingsstaat/","/kerndoelen/domein-d-verzorgingsstaat/","page"
"/examenstof/","/kerndoelen/domien-e-pluriforme-samenleving/","/kerndoelen/domien-e-pluriforme-samenleving/","page"
"/examenstof/","/examenstof/pluriformesamenleving-kerndoel1/","/examenstof/pluriformesamenleving-kerndoel1/","page"
"/examenstof/","/examenstof/verzorgingsstaat-kerndoel1/","/examenstof/verzorgingsstaat-kerndoel1/","page"
"/examenstof/","/examenstof/rechtsstaat-kerndoel1/","/examenstof/rechtsstaat-kerndoel1/","page"
"/examenstof/","/examenstof/rechtsstaat-kerndoel2/","/examenstof/rechtsstaat-kerndoel2/","page"
"/examenstof/","/examenstof/pluriformesamenleving-kerndoel2/","/examenstof/pluriformesamenleving-kerndoel2/","page"
"/examenstof/","/examenstof/verzorgingsstaat-kerndoel2/","/examenstof/verzorgingsstaat-kerndoel2/","page"
"/examenstof/","/examenstof/pluriformesamenleving-kerndoel3/","/examenstof/pluriformesamenleving-kerndoel3/","page"
"/examenstof/","/examenstof/verzorgingsstaat-kerndoel3-2/","/examenstof/verzorgingsstaat-kerndoel3-2/","page"
"/examenstof/","/examenstof/rechtsstaat-kerndoel3/","/examenstof/rechtsstaat-kerndoel3/","page"
"/examenstof/","/examenstof/pluriformesamenleving-kerndoel4/","/examenstof/pluriformesamenleving-kerndoel4/","page"
"/examenstof/","/examenstof/verzorgingsstaat-kerndoel4/","/examenstof/verzorgingsstaat-kerndoel4/","page"
"/examenstof/","/kerndoelen/domein-b-rechtsstaat/","/kerndoelen/domein-b-rechtsstaat/","page"
"/examenstof/","/examenstof/rechtsstaat-kerndoel1/","/examenstof/rechtsstaat-kerndoel1/","page"
"/examenstof/","/examenstof/rechtsstaat-kerndoel2/","/examenstof/rechtsstaat-kerndoel2/","page"
"/examenstof/","/examenstof/rechtsstaat-kerndoel3/","/examenstof/rechtsstaat-kerndoel3/","page"
"/examenstof/","/kerndoelen/domein-c-parlementaire-democratie/","/kerndoelen/domein-c-parlementaire-democratie/","page"
"/examenstof/","/kerndoelen/domein-d-verzorgingsstaat/","/kerndoelen/domein-d-verzorgingsstaat/","page"
"/examenstof/","/examenstof/verzorgingsstaat-kerndoel1/","/examenstof/verzorgingsstaat-kerndoel1/","page"
"/examenstof/","/examenstof/verzorgingsstaat-kerndoel2/","/examenstof/verzorgingsstaat-kerndoel2/","page"
"/examenstof/","/examenstof/verzorgingsstaat-kerndoel3-2/","/examenstof/verzorgingsstaat-kerndoel3-2/","page"
"/examenstof/","/examenstof/verzorgingsstaat-kerndoel4/","/examenstof/verzorgingsstaat-kerndoel4/","page"
"/examenstof/","/kerndoelen/domien-e-pluriforme-samenleving/","/kerndoelen/domien-e-pluriforme-samenleving/","page"
"/examenstof/","/examenstof/pluriformesamenleving-kerndoel1/","/examenstof/pluriformesamenleving-kerndoel1/","page"
"/examenstof/","/examenstof/pluriformesamenleving-kerndoel2/","/examenstof/pluriformesamenleving-kerndoel2/","page"
"/examenstof/","/examenstof/pluriformesamenleving-kerndoel3/","/examenstof/pluriformesamenleving-kerndoel3/","page"
"/examenstof/","/examenstof/pluriformesamenleving-kerndoel4/","/examenstof/pluriformesamenleving-kerndoel4/","page"
"/examenstof/","/kerndoelen/cultuur-en-socialisatie/","/kerndoelen/cultuur-en-socialisatie/","page"
"/examenstof/","/examenstof/cultuurensocialisatie-kerndoel1/","/examenstof/cultuurensocialisatie-kerndoel1/","page"
"/examenstof/","/examenstof/cultuurensocialisatie-kerndoel2/","/examenstof/cultuurensocialisatie-kerndoel2/","page"
"/examenstof/","/examenstof/cultuurensocialisatie-kerndoel3/","/examenstof/cultuurensocialisatie-kerndoel3/","page"
"/examenstof/","/kerndoelen/beeldvorming-en-stereotypering/","/kerndoelen/beeldvorming-en-stereotypering/","page"
"/examenstof/","/examenstof/beeldvormingenstereotypering-kerndoel1/","/examenstof/beeldvormingenstereotypering-kerndoel1/","page"
"/examenstof/","/examenstof/beeldvormingenstereotypering-kerndoel2/","/examenstof/beeldvormingenstereotypering-kerndoel2/","page"
"/examenstof/","/examenstof/beeldvormingenstereotypring-kerndoel4/","/examenstof/beeldvormingenstereotypring-kerndoel4/","page"
"/examenstof/","/kerndoelen/macht-en-zeggenschap/","/kerndoelen/macht-en-zeggenschap/","page"
"/examenstof/","/examenstof/machtenzeggenschap-kerndoel1/","/examenstof/machtenzeggenschap-kerndoel1/","page"
"/examenstof/","/examenstof/machtenzeggenschap-kerndoel2/","/examenstof/machtenzeggenschap-kerndoel2/","page"
"/examenstof/","/examenstof/machtenzeggenschap-kerndoel3/","/examenstof/machtenzeggenschap-kerndoel3/","page"
"/examenstof/","/examenstof/machtenzeggenschap-kerndoel4/","/examenstof/machtenzeggenschap-kerndoel4/","page"
"/examenstof/","/kerndoelen/sociale-verschillen/","/kerndoelen/sociale-verschillen/","page"
"/examenstof/","/examenstof/socialeverschillen-kerndoel1/","/examenstof/socialeverschillen-kerndoel1/","page"
"/examenstof/","/examenstof/socialeverschillen-kerndoel2/","/examenstof/socialeverschillen-kerndoel2/","page"
"/examenstof/","/examenstof/socialeverschillen-kerndoel3/","/examenstof/socialeverschillen-kerndoel3/","page"
"/examenstof/amv-kerndoel2/","/examenstof/politiekenbeleid-kerndoel5/","/examenstof/politiekenbeleid-kerndoel5/","page"
"/examenstof/analyse-maatschappelijk-vraagstuk/","/examenstof/amv-kerndoel1/","/examenstof/amv-kerndoel1/","page"
"/examenstof/analyse-maatschappelijk-vraagstuk/","/examenstof/amv-kerndoel2/","/examenstof/amv-kerndoel2/","page"
"/examenstof/analyse-maatschappelijk-vraagstuk/","/examenstof/amv-kerndoel3/","/examenstof/amv-kerndoel3/","page"
"/examenstof/criminaliteit-en-rechtsstaat/","/examenstof/criminaliteitenrechtsstaat-kerndoel1/","/examenstof/criminaliteitenrechtsstaat-kerndoel1/","page"
"/examenstof/criminaliteit-en-rechtsstaat/","/examenstof/criminaliteitenrechtsstaat-kerndoel2/","/examenstof/criminaliteitenrechtsstaat-kerndoel2/","page"
"/examenstof/criminaliteit-en-rechtsstaat/","/examenstof/criminaliteitenrechtsstat-kerndoel3/","/examenstof/criminaliteitenrechtsstat-kerndoel3/","page"
"/examenstof/criminaliteit-en-rechtsstaat/","/examenstof/criminaliteitenrechtsstaat-kerndoel4/","/examenstof/criminaliteitenrechtsstaat-kerndoel4/","page"
"/examenstof/criminaliteit-en-rechtsstaat/","/examenstof/criminaliteitenrechtsstaat-kerndoel5/","/examenstof/criminaliteitenrechtsstaat-kerndoel5/","page"
"/examenstof/criminaliteitenrechtsstaat-kerndoel2/","/examenstof/criminaliteitenrechtsstaat-kerndoel1/","/examenstof/criminaliteitenrechtsstaat-kerndoel1/","page"
"/examenstof/mens-en-werk/","/examenstof/mensenwerk-kerndoel1/","/examenstof/mensenwerk-kerndoel1/","page"
"/examenstof/mens-en-werk/","/examenstof/mensenwerk-kerndoel2/","/examenstof/mensenwerk-kerndoel2/","page"
"/examenstof/mens-en-werk/","/examenstof/mensenwerk-kerndoel3/","/examenstof/mensenwerk-kerndoel3/","page"
"/examenstof/mens-en-werk/","/examenstof/mensenwerk-kerndoel4/","/examenstof/mensenwerk-kerndoel4/","page"
"/examenstof/mens-en-werk/","/examenstof/mensenwerk-kerndoel5/","/examenstof/mensenwerk-kerndoel5/","page"
"/examenstof/mens-en-werk/","/examenstof/mensenwerk-kerndoel6/","/examenstof/mensenwerk-kerndoel6/","page"
"/examenstof/politiekenbeleid-kerndoel1-3/","/examenstof/politiekenbeleid-kerndoel1-2/","/examenstof/politiekenbeleid-kerndoel1-2/","page"
"/examenstof/politiekenbeleid-kerndoel1-3/","/examenstof/politiekenbeleid-kerndoel1-2/","/examenstof/politiekenbeleid-kerndoel1-2/","page"
"/examenstof/politiekenbeleid-kerndoel1-3/","/examenstof/politiekenbeleid-kerndoel1-2/","/examenstof/politiekenbeleid-kerndoel1-2/","page"
"/examenstof/politiekenbeleid/","/examenstof/politiekenbeleid-kerndoel1-1/","/examenstof/politiekenbeleid-kerndoel1-1/","page"
"/examenstof/politiekenbeleid/","/examenstof/politiekenbeleid-kerndoel1-2/","/examenstof/politiekenbeleid-kerndoel1-2/","page"
"/examenstof/politiekenbeleid/","/examenstof/politiekenbeleid-kerndoel1-3/","/examenstof/politiekenbeleid-kerndoel1-3/","page"
"/examenstof/politiekenbeleid/","/examenstof/politiekenbeleid-kerndoel1-4/","/examenstof/politiekenbeleid-kerndoel1-4/","page"
"/examenstof/politiekenbeleid/","/examenstof/politiekenbeleid-kerndoel2/","/examenstof/politiekenbeleid-kerndoel2/","page"
"/examenstof/politiekenbeleid/","/examenstof/politiekenbeleid-kerndoel3/","/examenstof/politiekenbeleid-kerndoel3/","page"
"/examenstof/politiekenbeleid/","/examenstof/politiekenbeleid-kerndoel4/","/examenstof/politiekenbeleid-kerndoel4/","page"
"/examenstof/politiekenbeleid/","/examenstof/politiekenbeleid-kerndoel5/","/examenstof/politiekenbeleid-kerndoel5/","page"
"/kerndoel-tags/cse/","/examenstof/criminaliteitenrechtsstaat-kerndoel1/","/examenstof/criminaliteitenrechtsstaat-kerndoel1/","page"
"/kerndoel-tags/cse/","/examenstof/amv-kerndoel1/","/examenstof/amv-kerndoel1/","page"
"/kerndoel-tags/cse/","/examenstof/politiekenbeleid-kerndoel1-1/","/examenstof/politiekenbeleid-kerndoel1-1/","page"
"/kerndoel-tags/cse/","/examenstof/politiekenbeleid-kerndoel1-2/","/examenstof/politiekenbeleid-kerndoel1-2/","page"
"/kerndoel-tags/cse/","/examenstof/politiekenbeleid-kerndoel1-3/","/examenstof/politiekenbeleid-kerndoel1-3/","page"
"/kerndoel-tags/cse/","/examenstof/politiekenbeleid-kerndoel1-4/","/examenstof/politiekenbeleid-kerndoel1-4/","page"
"/kerndoel-tags/cse/","/examenstof/politiekenbeleid-kerndoel2/","/examenstof/politiekenbeleid-kerndoel2/","page"
"/kerndoel-tags/cse/","/examenstof/criminaliteitenrechtsstaat-kerndoel2/","/examenstof/criminaliteitenrechtsstaat-kerndoel2/","page"
"/kerndoel-tags/cse/","/examenstof/amv-kerndoel2/","/examenstof/amv-kerndoel2/","page"
"/kerndoel-tags/cse/","/examenstof/amv-kerndoel3/","/examenstof/amv-kerndoel3/","page"
"/kerndoel-tags/cse/","/examenstof/massamedia-kerndoel3/","/examenstof/massamedia-kerndoel3/","page"
"/kerndoel-tags/cse/","/examenstof/criminaliteitenrechtsstat-kerndoel3/","/examenstof/criminaliteitenrechtsstat-kerndoel3/","page"
"/kerndoel-tags/cse/","/examenstof/politiekenbeleid-kerndoel3/","/examenstof/politiekenbeleid-kerndoel3/","page"
"/kerndoel-tags/cse/","/examenstof/massamedia-kerndoel4/","/examenstof/massamedia-kerndoel4/","page"
"/kerndoel-tags/cse/","/examenstof/criminaliteitenrechtsstaat-kerndoel4/","/examenstof/criminaliteitenrechtsstaat-kerndoel4/","page"
"/kerndoel-tags/cse/","/examenstof/politiekenbeleid-kerndoel4/","/examenstof/politiekenbeleid-kerndoel4/","page"
"/kerndoel-tags/cse/","/examenstof/politiekenbeleid-kerndoel5/","/examenstof/politiekenbeleid-kerndoel5/","page"
"/kerndoel-tags/cse/","/examenstof/criminaliteitenrechtsstaat-kerndoel5/","/examenstof/criminaliteitenrechtsstaat-kerndoel5/","page"
"/kerndoel-tags/havo/","/examenstof/pluriformesamenleving-kerndoel1/","/examenstof/pluriformesamenleving-kerndoel1/","page"
"/kerndoel-tags/havo/","/examenstof/verzorgingsstaat-kerndoel1/","/examenstof/verzorgingsstaat-kerndoel1/","page"
"/kerndoel-tags/havo/","/examenstof/rechtsstaat-kerndoel1/","/examenstof/rechtsstaat-kerndoel1/","page"
"/kerndoel-tags/havo/","/examenstof/rechtsstaat-kerndoel2/","/examenstof/rechtsstaat-kerndoel2/","page"
"/kerndoel-tags/havo/","/examenstof/pluriformesamenleving-kerndoel2/","/examenstof/pluriformesamenleving-kerndoel2/","page"
"/kerndoel-tags/havo/","/examenstof/verzorgingsstaat-kerndoel2/","/examenstof/verzorgingsstaat-kerndoel2/","page"
"/kerndoel-tags/havo/","/examenstof/pluriformesamenleving-kerndoel3/","/examenstof/pluriformesamenleving-kerndoel3/","page"
"/kerndoel-tags/havo/","/examenstof/rechtsstaat-kerndoel3/","/examenstof/rechtsstaat-kerndoel3/","page"
"/kerndoel-tags/havo/","/examenstof/pluriformesamenleving-kerndoel4/","/examenstof/pluriformesamenleving-kerndoel4/","page"
"/kerndoel-tags/havo/","/examenstof/verzorgingsstaat-kerndoel4/","/examenstof/verzorgingsstaat-kerndoel4/","page"
"/kerndoel-tags/leerjaar-3/","/kerndoelen/amv/","/kerndoelen/amv/","page"
"/kerndoel-tags/leerjaar-3/","/kerndoelen/beeldvorming-en-stereotypering/","/kerndoelen/beeldvorming-en-stereotypering/","page"
"/kerndoel-tags/leerjaar-3/","/kerndoelen/criminaliteit-en-rechtsstaat/","/kerndoelen/criminaliteit-en-rechtsstaat/","page"
"/kerndoel-tags/leerjaar-3/","/kerndoelen/cultuur-en-socialisatie/","/kerndoelen/cultuur-en-socialisatie/","page"
"/kerndoel-tags/leerjaar-3/","/kerndoelen/domein-b-rechtsstaat/","/kerndoelen/domein-b-rechtsstaat/","page"
"/kerndoel-tags/leerjaar-3/","/kerndoelen/domein-c-parlementaire-democratie/","/kerndoelen/domein-c-parlementaire-democratie/","page"
"/kerndoel-tags/leerjaar-3/","/kerndoelen/domein-d-verzorgingsstaat/","/kerndoelen/domein-d-verzorgingsstaat/","page"
"/kerndoel-tags/leerjaar-3/","/kerndoelen/domien-e-pluriforme-samenleving/","/kerndoelen/domien-e-pluriforme-samenleving/","page"
"/kerndoel-tags/leerjaar-3/","/kerndoelen/maatschappijleer/","/kerndoelen/maatschappijleer/","page"
"/kerndoel-tags/leerjaar-3/","/kerndoelen/maatschappijleer-vmbo/","/kerndoelen/maatschappijleer-vmbo/","page"
"/kerndoel-tags/leerjaar-3/","/kerndoelen/macht-en-zeggenschap/","/kerndoelen/macht-en-zeggenschap/","page"
"/kerndoel-tags/leerjaar-3/","/kerndoelen/massamedia/","/kerndoelen/massamedia/","page"
"/kerndoel-tags/leerjaar-3/","/kerndoelen/mensenwerk/","/kerndoelen/mensenwerk/","page"
"/kerndoel-tags/leerjaar-3/","/kerndoelen/multiculturelesamenleving/","/kerndoelen/multiculturelesamenleving/","page"
"/kerndoel-tags/leerjaar-3/","/kerndoelen/politiekenbeleid/","/kerndoelen/politiekenbeleid/","page"
"/kerndoel-tags/leerjaar-3/","/kerndoelen/sociale-verschillen/","/kerndoelen/sociale-verschillen/","page"
"/kerndoel-tags/leerjaar-4/","/kerndoelen/amv/","/kerndoelen/amv/","page"
"/kerndoel-tags/leerjaar-4/","/kerndoelen/beeldvorming-en-stereotypering/","/kerndoelen/beeldvorming-en-stereotypering/","page"
"/kerndoel-tags/leerjaar-4/","/kerndoelen/criminaliteit-en-rechtsstaat/","/kerndoelen/criminaliteit-en-rechtsstaat/","page"
"/kerndoel-tags/leerjaar-4/","/kerndoelen/cultuur-en-socialisatie/","/kerndoelen/cultuur-en-socialisatie/","page"
"/kerndoel-tags/leerjaar-4/","/kerndoelen/domein-b-rechtsstaat/","/kerndoelen/domein-b-rechtsstaat/","page"
"/kerndoel-tags/leerjaar-4/","/kerndoelen/domein-c-parlementaire-democratie/","/kerndoelen/domein-c-parlementaire-democratie/","page"
"/kerndoel-tags/leerjaar-4/","/kerndoelen/domein-d-verzorgingsstaat/","/kerndoelen/domein-d-verzorgingsstaat/","page"
"/kerndoel-tags/leerjaar-4/","/kerndoelen/domien-e-pluriforme-samenleving/","/kerndoelen/domien-e-pluriforme-samenleving/","page"
"/kerndoel-tags/leerjaar-4/","/kerndoelen/maatschappijleer/","/kerndoelen/maatschappijleer/","page"
"/kerndoel-tags/leerjaar-4/","/kerndoelen/maatschappijleer-vmbo/","/kerndoelen/maatschappijleer-vmbo/","page"
"/kerndoel-tags/leerjaar-4/","/kerndoelen/macht-en-zeggenschap/","/kerndoelen/macht-en-zeggenschap/","page"
"/kerndoel-tags/leerjaar-4/","/kerndoelen/massamedia/","/kerndoelen/massamedia/","page"
"/kerndoel-tags/leerjaar-4/","/kerndoelen/mensenwerk/","/kerndoelen/mensenwerk/","page"
"/kerndoel-tags/leerjaar-4/","/kerndoelen/multiculturelesamenleving/","/kerndoelen/multiculturelesamenleving/","page"
"/kerndoel-tags/leerjaar-4/","/kerndoelen/politiekenbeleid/","/kerndoelen/politiekenbeleid/","page"
"/kerndoel-tags/leerjaar-4/","/kerndoelen/sociale-verschillen/","/kerndoelen/sociale-verschillen/","page"
"/kerndoel-tags/maatschappijleer/","/examenstof/machtenzeggenschap-kerndoel1/","/examenstof/machtenzeggenschap-kerndoel1/","page"
"/kerndoel-tags/maatschappijleer/","/examenstof/beeldvormingenstereotypering-kerndoel1/","/examenstof/beeldvormingenstereotypering-kerndoel1/","page"
"/kerndoel-tags/maatschappijleer/","/examenstof/socialeverschillen-kerndoel1/","/examenstof/socialeverschillen-kerndoel1/","page"
"/kerndoel-tags/maatschappijleer/","/examenstof/cultuurensocialisatie-kerndoel1/","/examenstof/cultuurensocialisatie-kerndoel1/","page"
"/kerndoel-tags/maatschappijleer/","/examenstof/socialeverschillen-kerndoel2/","/examenstof/socialeverschillen-kerndoel2/","page"
"/kerndoel-tags/maatschappijleer/","/examenstof/machtenzeggenschap-kerndoel2/","/examenstof/machtenzeggenschap-kerndoel2/","page"
"/kerndoel-tags/maatschappijleer/","/examenstof/cultuurensocialisatie-kerndoel2/","/examenstof/cultuurensocialisatie-kerndoel2/","page"
"/kerndoel-tags/maatschappijleer/","/examenstof/beeldvormingenstereotypering-kerndoel2/","/examenstof/beeldvormingenstereotypering-kerndoel2/","page"
"/kerndoel-tags/maatschappijleer/","/examenstof/machtenzeggenschap-kerndoel3/","/examenstof/machtenzeggenschap-kerndoel3/","page"
"/kerndoel-tags/maatschappijleer/","/examenstof/socialeverschillen-kerndoel3/","/examenstof/socialeverschillen-kerndoel3/","page"
"/kerndoel-tags/maatschappijleer/","/examenstof/cultuurensocialisatie-kerndoel3/","/examenstof/cultuurensocialisatie-kerndoel3/","page"
"/kerndoel-tags/maatschappijleer/","/examenstof/beeldvormingenstereotypring-kerndoel4/","/examenstof/beeldvormingenstereotypring-kerndoel4/","page"
"/kerndoel-tags/maatschappijleer/","/examenstof/machtenzeggenschap-kerndoel4/","/examenstof/machtenzeggenschap-kerndoel4/","page"
"/kerndoel-tags/se/","/examenstof/criminaliteitenrechtsstaat-kerndoel1/","/examenstof/criminaliteitenrechtsstaat-kerndoel1/","page"
"/kerndoel-tags/se/","/examenstof/massamedia-kerndoel1/","/examenstof/massamedia-kerndoel1/","page"
"/kerndoel-tags/se/","/examenstof/mensenwerk-kerndoel1/","/examenstof/mensenwerk-kerndoel1/","page"
"/kerndoel-tags/se/","/examenstof/pluriformesamenleving-kerndoel1/","/examenstof/pluriformesamenleving-kerndoel1/","page"
"/kerndoel-tags/se/","/examenstof/verzorgingsstaat-kerndoel1/","/examenstof/verzorgingsstaat-kerndoel1/","page"
"/kerndoel-tags/se/","/examenstof/amv-kerndoel1/","/examenstof/amv-kerndoel1/","page"
"/kerndoel-tags/se/","/examenstof/machtenzeggenschap-kerndoel1/","/examenstof/machtenzeggenschap-kerndoel1/","page"
"/kerndoel-tags/se/","/examenstof/multiculturelemsamenleving-kerndoel-1/","/examenstof/multiculturelemsamenleving-kerndoel-1/","page"
"/kerndoel-tags/se/","/examenstof/beeldvormingenstereotypering-kerndoel1/","/examenstof/beeldvormingenstereotypering-kerndoel1/","page"
"/kerndoel-tags/se/","/examenstof/socialeverschillen-kerndoel1/","/examenstof/socialeverschillen-kerndoel1/","page"
"/kerndoel-tags/se/","/examenstof/cultuurensocialisatie-kerndoel1/","/examenstof/cultuurensocialisatie-kerndoel1/","page"
"/kerndoel-tags/se/","/examenstof/rechtsstaat-kerndoel1/","/examenstof/rechtsstaat-kerndoel1/","page"
"/kerndoel-tags/se/","/examenstof/politiekenbeleid-kerndoel1-1/","/examenstof/politiekenbeleid-kerndoel1-1/","page"
"/kerndoel-tags/se/","/examenstof/politiekenbeleid-kerndoel1-2/","/examenstof/politiekenbeleid-kerndoel1-2/","page"
"/kerndoel-tags/se/","/examenstof/politiekenbeleid-kerndoel1-3/","/examenstof/politiekenbeleid-kerndoel1-3/","page"
"/kerndoel-tags/se/","/examenstof/politiekenbeleid-kerndoel1-4/","/examenstof/politiekenbeleid-kerndoel1-4/","page"
"/kerndoel-tags/se/","/examenstof/socialeverschillen-kerndoel2/","/examenstof/socialeverschillen-kerndoel2/","page"
"/kerndoel-tags/se/","/examenstof/mensenwerk-kerndoel2/","/examenstof/mensenwerk-kerndoel2/","page"
"/kerndoel-tags/se/","/examenstof/politiekenbeleid-kerndoel2/","/examenstof/politiekenbeleid-kerndoel2/","page"
"/kerndoel-tags/se/","/examenstof/massamedia-kerndoel2/","/examenstof/massamedia-kerndoel2/","page"
"/kerndoel-tags/se/","/examenstof/rechtsstaat-kerndoel2/","/examenstof/rechtsstaat-kerndoel2/","page"
"/kerndoel-tags/se/","/examenstof/pluriformesamenleving-kerndoel2/","/examenstof/pluriformesamenleving-kerndoel2/","page"
"/kerndoel-tags/se/","/examenstof/multiculturelesamenleving-kerndoel2/","/examenstof/multiculturelesamenleving-kerndoel2/","page"
"/kerndoel-tags/se/","/examenstof/criminaliteitenrechtsstaat-kerndoel2/","/examenstof/criminaliteitenrechtsstaat-kerndoel2/","page"
"/kerndoel-tags/se/","/examenstof/amv-kerndoel2/","/examenstof/amv-kerndoel2/","page"
"/kerndoel-tags/se/","/examenstof/machtenzeggenschap-kerndoel2/","/examenstof/machtenzeggenschap-kerndoel2/","page"
"/kerndoel-tags/se/","/examenstof/verzorgingsstaat-kerndoel2/","/examenstof/verzorgingsstaat-kerndoel2/","page"
"/kerndoel-tags/se/","/examenstof/cultuurensocialisatie-kerndoel2/","/examenstof/cultuurensocialisatie-kerndoel2/","page"
"/kerndoel-tags/se/","/examenstof/beeldvormingenstereotypering-kerndoel2/","/examenstof/beeldvormingenstereotypering-kerndoel2/","page"
"/kerndoel-tags/se/","/examenstof/pluriformesamenleving-kerndoel3/","/examenstof/pluriformesamenleving-kerndoel3/","page"
"/kerndoel-tags/se/","/examenstof/amv-kerndoel3/","/examenstof/amv-kerndoel3/","page"
"/kerndoel-tags/se/","/examenstof/rechtsstaat-kerndoel3/","/examenstof/rechtsstaat-kerndoel3/","page"
"/kerndoel-tags/se/","/examenstof/machtenzeggenschap-kerndoel3/","/examenstof/machtenzeggenschap-kerndoel3/","page"
"/kerndoel-tags/se/","/examenstof/massamedia-kerndoel3/","/examenstof/massamedia-kerndoel3/","page"
"/kerndoel-tags/se/","/examenstof/criminaliteitenrechtsstat-kerndoel3/","/examenstof/criminaliteitenrechtsstat-kerndoel3/","page"
"/kerndoel-tags/se/","/examenstof/socialeverschillen-kerndoel3/","/examenstof/socialeverschillen-kerndoel3/","page"
"/kerndoel-tags/se/","/examenstof/politiekenbeleid-kerndoel3/","/examenstof/politiekenbeleid-kerndoel3/","page"
"/kerndoel-tags/se/","/examenstof/cultuurensocialisatie-kerndoel3/","/examenstof/cultuurensocialisatie-kerndoel3/","page"
"/kerndoel-tags/se/","/examenstof/mensenwerk-kerndoel3/","/examenstof/mensenwerk-kerndoel3/","page"
"/kerndoel-tags/se/","/examenstof/multiculturelesamenleving-kerndoel3/","/examenstof/multiculturelesamenleving-kerndoel3/","page"
"/kerndoel-tags/se/","/examenstof/beeldvormingenstereotypring-kerndoel4/","/examenstof/beeldvormingenstereotypring-kerndoel4/","page"
"/kerndoel-tags/se/","/examenstof/multiculturelesamenleving-kerndoel4/","/examenstof/multiculturelesamenleving-kerndoel4/","page"
"/kerndoel-tags/se/","/examenstof/massamedia-kerndoel4/","/examenstof/massamedia-kerndoel4/","page"
"/kerndoel-tags/se/","/examenstof/mensenwerk-kerndoel4/","/examenstof/mensenwerk-kerndoel4/","page"
"/kerndoel-tags/se/","/examenstof/criminaliteitenrechtsstaat-kerndoel4/","/examenstof/criminaliteitenrechtsstaat-kerndoel4/","page"
"/kerndoel-tags/se/","/examenstof/pluriformesamenleving-kerndoel4/","/examenstof/pluriformesamenleving-kerndoel4/","page"
"/kerndoel-tags/se/","/examenstof/verzorgingsstaat-kerndoel4/","/examenstof/verzorgingsstaat-kerndoel4/","page"
"/kerndoel-tags/se/","/examenstof/machtenzeggenschap-kerndoel4/","/examenstof/machtenzeggenschap-kerndoel4/","page"
"/kerndoel-tags/se/","/examenstof/politiekenbeleid-kerndoel4/","/examenstof/politiekenbeleid-kerndoel4/","page"
"/kerndoel-tags/se/","/examenstof/mensenwerk-kerndoel5/","/examenstof/mensenwerk-kerndoel5/","page"
"/kerndoel-tags/se/","/examenstof/politiekenbeleid-kerndoel5/","/examenstof/politiekenbeleid-kerndoel5/","page"
"/kerndoel-tags/se/","/examenstof/criminaliteitenrechtsstaat-kerndoel5/","/examenstof/criminaliteitenrechtsstaat-kerndoel5/","page"
"/kerndoel-tags/se/","/examenstof/multiculturelesamenleving-kerndoel5/","/examenstof/multiculturelesamenleving-kerndoel5/","page"
"/kerndoel-tags/se/","/examenstof/mensenwerk-kerndoel6/","/examenstof/mensenwerk-kerndoel6/","page"
"/kerndoel-tags/vmbo/","/examenstof/machtenzeggenschap-kerndoel1/","/examenstof/machtenzeggenschap-kerndoel1/","page"
"/kerndoel-tags/vmbo/","/examenstof/beeldvormingenstereotypering-kerndoel1/","/examenstof/beeldvormingenstereotypering-kerndoel1/","page"
"/kerndoel-tags/vmbo/","/examenstof/socialeverschillen-kerndoel1/","/examenstof/socialeverschillen-kerndoel1/","page"
"/kerndoel-tags/vmbo/","/examenstof/cultuurensocialisatie-kerndoel1/","/examenstof/cultuurensocialisatie-kerndoel1/","page"
"/kerndoel-tags/vmbo/","/examenstof/socialeverschillen-kerndoel2/","/examenstof/socialeverschillen-kerndoel2/","page"
"/kerndoel-tags/vmbo/","/examenstof/machtenzeggenschap-kerndoel2/","/examenstof/machtenzeggenschap-kerndoel2/","page"
"/kerndoel-tags/vmbo/","/examenstof/cultuurensocialisatie-kerndoel2/","/examenstof/cultuurensocialisatie-kerndoel2/","page"
"/kerndoel-tags/vmbo/","/examenstof/beeldvormingenstereotypering-kerndoel2/","/examenstof/beeldvormingenstereotypering-kerndoel2/","page"
"/kerndoel-tags/vmbo/","/examenstof/machtenzeggenschap-kerndoel3/","/examenstof/machtenzeggenschap-kerndoel3/","page"
"/kerndoel-tags/vmbo/","/examenstof/socialeverschillen-kerndoel3/","/examenstof/socialeverschillen-kerndoel3/","page"
"/kerndoel-tags/vmbo/","/examenstof/cultuurensocialisatie-kerndoel3/","/examenstof/cultuurensocialisatie-kerndoel3/","page"
"/kerndoel-tags/vmbo/","/examenstof/beeldvormingenstereotypring-kerndoel4/","/examenstof/beeldvormingenstereotypring-kerndoel4/","page"
"/kerndoel-tags/vmbo/","/examenstof/machtenzeggenschap-kerndoel4/","/examenstof/machtenzeggenschap-kerndoel4/","page"
"/kerndoelen/","/kerndoelen/amv/","/kerndoelen/amv/","page"
"/kerndoelen/","/kerndoelen/beeldvorming-en-stereotypering/","/kerndoelen/beeldvorming-en-stereotypering/","page"
"/kerndoelen/","/kerndoelen/criminaliteit-en-rechtsstaat/","/kerndoelen/criminaliteit-en-rechtsstaat/","page"
"/kerndoelen/","/kerndoelen/cultuur-en-socialisatie/","/kerndoelen/cultuur-en-socialisatie/","page"
"/kerndoelen/","/kerndoelen/domein-b-rechtsstaat/","/kerndoelen/domein-b-rechtsstaat/","page"
"/kerndoelen/","/kerndoelen/domein-c-parlementaire-democratie/","/kerndoelen/domein-c-parlementaire-democratie/","page"
"/kerndoelen/","/kerndoelen/domein-d-verzorgingsstaat/","/kerndoelen/domein-d-verzorgingsstaat/","page"
"/kerndoelen/","/kerndoelen/domien-e-pluriforme-samenleving/","/kerndoelen/domien-e-pluriforme-samenleving/","page"
"/kerndoelen/","/kerndoelen/maatschappijleer/","/kerndoelen/maatschappijleer/","page"
"/kerndoelen/","/kerndoelen/maatschappijleer-vmbo/","/kerndoelen/maatschappijleer-vmbo/","page"
"/kerndoelen/","/kerndoelen/macht-en-zeggenschap/","/kerndoelen/macht-en-zeggenschap/","page"
"/kerndoelen/","/kerndoelen/massamedia/","/kerndoelen/massamedia/","page"
"/kerndoelen/","/kerndoelen/mensenwerk/","/kerndoelen/mensenwerk/","page"
"/kerndoelen/","/kerndoelen/multiculturelesamenleving/","/kerndoelen/multiculturelesamenleving/","page"
"/kerndoelen/","/kerndoelen/politiekenbeleid/","/kerndoelen/politiekenbeleid/","page"
"/kerndoelen/","/kerndoelen/sociale-verschillen/","/kerndoelen/sociale-verschillen/","page"
"/kerndoelen/amv/","/examenstof/amv-kerndoel1/","/examenstof/amv-kerndoel1/","page"
"/kerndoelen/amv/","/examenstof/amv-kerndoel2/","/examenstof/amv-kerndoel2/","page"
"/kerndoelen/amv/","/examenstof/amv-kerndoel3/","/examenstof/amv-kerndoel3/","page"
"/kerndoelen/beeldvorming-en-stereotypering/","/examenstof/beeldvormingenstereotypering-kerndoel1/","/examenstof/beeldvormingenstereotypering-kerndoel1/","page"
"/kerndoelen/beeldvorming-en-stereotypering/","/examenstof/beeldvormingenstereotypering-kerndoel2/","/examenstof/beeldvormingenstereotypering-kerndoel2/","page"
"/kerndoelen/beeldvorming-en-stereotypering/","/examenstof/beeldvormingenstereotypring-kerndoel4/","/examenstof/beeldvormingenstereotypring-kerndoel4/","page"
"/kerndoelen/criminaliteit-en-rechtsstaat/","/examenstof/criminaliteitenrechtsstaat-kerndoel1/","/examenstof/criminaliteitenrechtsstaat-kerndoel1/","page"
"/kerndoelen/criminaliteit-en-rechtsstaat/","/examenstof/criminaliteitenrechtsstaat-kerndoel2/","/examenstof/criminaliteitenrechtsstaat-kerndoel2/","page"
"/kerndoelen/criminaliteit-en-rechtsstaat/","/examenstof/criminaliteitenrechtsstat-kerndoel3/","/examenstof/criminaliteitenrechtsstat-kerndoel3/","page"
"/kerndoelen/criminaliteit-en-rechtsstaat/","/examenstof/criminaliteitenrechtsstaat-kerndoel4/","/examenstof/criminaliteitenrechtsstaat-kerndoel4/","page"
"/kerndoelen/criminaliteit-en-rechtsstaat/","/examenstof/criminaliteitenrechtsstaat-kerndoel5/","/examenstof/criminaliteitenrechtsstaat-kerndoel5/","page"
"/kerndoelen/cultuur-en-socialisatie/","/examenstof/cultuurensocialisatie-kerndoel1/","/examenstof/cultuurensocialisatie-kerndoel1/","page"
"/kerndoelen/cultuur-en-socialisatie/","/examenstof/cultuurensocialisatie-kerndoel2/","/examenstof/cultuurensocialisatie-kerndoel2/","page"
"/kerndoelen/cultuur-en-socialisatie/","/examenstof/cultuurensocialisatie-kerndoel3/","/examenstof/cultuurensocialisatie-kerndoel3/","page"
"/kerndoelen/domein-b-rechtsstaat/","/examenstof/rechtsstaat-kerndoel1/","/examenstof/rechtsstaat-kerndoel1/","page"
"/kerndoelen/domein-b-rechtsstaat/","/examenstof/rechtsstaat-kerndoel2/","/examenstof/rechtsstaat-kerndoel2/","page"
"/kerndoelen/domein-b-rechtsstaat/","/examenstof/rechtsstaat-kerndoel3/","/examenstof/rechtsstaat-kerndoel3/","page"
"/kerndoelen/domein-d-verzorgingsstaat/","/examenstof/verzorgingsstaat-kerndoel1/","/examenstof/verzorgingsstaat-kerndoel1/","page"
"/kerndoelen/domein-d-verzorgingsstaat/","/examenstof/verzorgingsstaat-kerndoel2/","/examenstof/verzorgingsstaat-kerndoel2/","page"
"/kerndoelen/domein-d-verzorgingsstaat/","/examenstof/verzorgingsstaat-kerndoel3-2/","/examenstof/verzorgingsstaat-kerndoel3-2/","page"
"/kerndoelen/domein-d-verzorgingsstaat/","/examenstof/verzorgingsstaat-kerndoel4/","/examenstof/verzorgingsstaat-kerndoel4/","page"
"/kerndoelen/domien-e-pluriforme-samenleving/","/examenstof/pluriformesamenleving-kerndoel1/","/examenstof/pluriformesamenleving-kerndoel1/","page"
"/kerndoelen/domien-e-pluriforme-samenleving/","/examenstof/pluriformesamenleving-kerndoel2/","/examenstof/pluriformesamenleving-kerndoel2/","page"
"/kerndoelen/domien-e-pluriforme-samenleving/","/examenstof/pluriformesamenleving-kerndoel3/","/examenstof/pluriformesamenleving-kerndoel3/","page"
"/kerndoelen/domien-e-pluriforme-samenleving/","/examenstof/pluriformesamenleving-kerndoel4/","/examenstof/pluriformesamenleving-kerndoel4/","page"
"/kerndoelen/maatschappijleer-vmbo/","/kerndoelen/beeldvorming-en-stereotypering/","/kerndoelen/beeldvorming-en-stereotypering/","page"
"/kerndoelen/maatschappijleer-vmbo/","/kerndoelen/cultuur-en-socialisatie/","/kerndoelen/cultuur-en-socialisatie/","page"
"/kerndoelen/maatschappijleer-vmbo/","/kerndoelen/macht-en-zeggenschap/","/kerndoelen/macht-en-zeggenschap/","page"
"/kerndoelen/maatschappijleer-vmbo/","/kerndoelen/sociale-verschillen/","/kerndoelen/sociale-verschillen/","page"
"/kerndoelen/maatschappijleer-vmbo/","/examenstof/machtenzeggenschap-kerndoel1/","/examenstof/machtenzeggenschap-kerndoel1/","page"
"/kerndoelen/maatschappijleer-vmbo/","/examenstof/beeldvormingenstereotypering-kerndoel1/","/examenstof/beeldvormingenstereotypering-kerndoel1/","page"
"/kerndoelen/maatschappijleer-vmbo/","/examenstof/socialeverschillen-kerndoel1/","/examenstof/socialeverschillen-kerndoel1/","page"
"/kerndoelen/maatschappijleer-vmbo/","/examenstof/cultuurensocialisatie-kerndoel1/","/examenstof/cultuurensocialisatie-kerndoel1/","page"
"/kerndoelen/maatschappijleer-vmbo/","/examenstof/socialeverschillen-kerndoel2/","/examenstof/socialeverschillen-kerndoel2/","page"
"/kerndoelen/maatschappijleer-vmbo/","/examenstof/machtenzeggenschap-kerndoel2/","/examenstof/machtenzeggenschap-kerndoel2/","page"
"/kerndoelen/maatschappijleer-vmbo/","/examenstof/cultuurensocialisatie-kerndoel2/","/examenstof/cultuurensocialisatie-kerndoel2/","page"
"/kerndoelen/maatschappijleer-vmbo/","/examenstof/beeldvormingenstereotypering-kerndoel2/","/examenstof/beeldvormingenstereotypering-kerndoel2/","page"
"/kerndoelen/maatschappijleer-vmbo/","/examenstof/machtenzeggenschap-kerndoel3/","/examenstof/machtenzeggenschap-kerndoel3/","page"
"/kerndoelen/maatschappijleer-vmbo/","/examenstof/socialeverschillen-kerndoel3/","/examenstof/socialeverschillen-kerndoel3/","page"
"/kerndoelen/maatschappijleer-vmbo/","/examenstof/cultuurensocialisatie-kerndoel3/","/examenstof/cultuurensocialisatie-kerndoel3/","page"
"/kerndoelen/maatschappijleer-vmbo/","/examenstof/beeldvormingenstereotypring-kerndoel4/","/examenstof/beeldvormingenstereotypring-kerndoel4/","page"
"/kerndoelen/maatschappijleer-vmbo/","/examenstof/machtenzeggenschap-kerndoel4/","/examenstof/machtenzeggenschap-kerndoel4/","page"
"/kerndoelen/maatschappijleer/","/kerndoelen/domein-b-rechtsstaat/","/kerndoelen/domein-b-rechtsstaat/","page"
"/kerndoelen/maatschappijleer/","/kerndoelen/domein-c-parlementaire-democratie/","/kerndoelen/domein-c-parlementaire-democratie/","page"
"/kerndoelen/maatschappijleer/","/kerndoelen/domein-d-verzorgingsstaat/","/kerndoelen/domein-d-verzorgingsstaat/","page"
"/kerndoelen/maatschappijleer/","/kerndoelen/domien-e-pluriforme-samenleving/","/kerndoelen/domien-e-pluriforme-samenleving/","page"
"/kerndoelen/maatschappijleer/","/examenstof/pluriformesamenleving-kerndoel1/","/examenstof/pluriformesamenleving-kerndoel1/","page"
"/kerndoelen/maatschappijleer/","/examenstof/verzorgingsstaat-kerndoel1/","/examenstof/verzorgingsstaat-kerndoel1/","page"
"/kerndoelen/maatschappijleer/","/examenstof/rechtsstaat-kerndoel1/","/examenstof/rechtsstaat-kerndoel1/","page"
"/kerndoelen/maatschappijleer/","/examenstof/rechtsstaat-kerndoel2/","/examenstof/rechtsstaat-kerndoel2/","page"
"/kerndoelen/maatschappijleer/","/examenstof/pluriformesamenleving-kerndoel2/","/examenstof/pluriformesamenleving-kerndoel2/","page"
"/kerndoelen/maatschappijleer/","/examenstof/verzorgingsstaat-kerndoel2/","/examenstof/verzorgingsstaat-kerndoel2/","page"
"/kerndoelen/maatschappijleer/","/examenstof/pluriformesamenleving-kerndoel3/","/examenstof/pluriformesamenleving-kerndoel3/","page"
"/kerndoelen/maatschappijleer/","/examenstof/verzorgingsstaat-kerndoel3-2/","/examenstof/verzorgingsstaat-kerndoel3-2/","page"
"/kerndoelen/maatschappijleer/","/examenstof/rechtsstaat-kerndoel3/","/examenstof/rechtsstaat-kerndoel3/","page"
"/kerndoelen/maatschappijleer/","/examenstof/pluriformesamenleving-kerndoel4/","/examenstof/pluriformesamenleving-kerndoel4/","page"
"/kerndoelen/maatschappijleer/","/examenstof/verzorgingsstaat-kerndoel4/","/examenstof/verzorgingsstaat-kerndoel4/","page"
"/kerndoelen/macht-en-zeggenschap/","/examenstof/machtenzeggenschap-kerndoel1/","/examenstof/machtenzeggenschap-kerndoel1/","page"
"/kerndoelen/macht-en-zeggenschap/","/examenstof/machtenzeggenschap-kerndoel2/","/examenstof/machtenzeggenschap-kerndoel2/","page"
"/kerndoelen/macht-en-zeggenschap/","/examenstof/machtenzeggenschap-kerndoel3/","/examenstof/machtenzeggenschap-kerndoel3/","page"
"/kerndoelen/macht-en-zeggenschap/","/examenstof/machtenzeggenschap-kerndoel4/","/examenstof/machtenzeggenschap-kerndoel4/","page"
"/kerndoelen/massamedia/","/examenstof/massamedia-kerndoel1/","/examenstof/massamedia-kerndoel1/","page"
"/kerndoelen/massamedia/","/examenstof/massamedia-kerndoel2/","/examenstof/massamedia-kerndoel2/","page"
"/kerndoelen/massamedia/","/examenstof/massamedia-kerndoel3/","/examenstof/massamedia-kerndoel3/","page"
"/kerndoelen/massamedia/","/examenstof/massamedia-kerndoel4/","/examenstof/massamedia-kerndoel4/","page"
"/kerndoelen/mensenwerk/","/examenstof/mensenwerk-kerndoel1/","/examenstof/mensenwerk-kerndoel1/","page"
"/kerndoelen/mensenwerk/","/examenstof/mensenwerk-kerndoel2/","/examenstof/mensenwerk-kerndoel2/","page"
"/kerndoelen/mensenwerk/","/examenstof/mensenwerk-kerndoel3/","/examenstof/mensenwerk-kerndoel3/","page"
"/kerndoelen/mensenwerk/","/examenstof/mensenwerk-kerndoel4/","/examenstof/mensenwerk-kerndoel4/","page"
"/kerndoelen/mensenwerk/","/examenstof/mensenwerk-kerndoel5/","/examenstof/mensenwerk-kerndoel5/","page"
"/kerndoelen/mensenwerk/","/examenstof/mensenwerk-kerndoel6/","/examenstof/mensenwerk-kerndoel6/","page"
"/kerndoelen/multiculturelesamenleving/","/examenstof/multiculturelemsamenleving-kerndoel-1/","/examenstof/multiculturelemsamenleving-kerndoel-1/","page"
"/kerndoelen/multiculturelesamenleving/","/examenstof/multiculturelesamenleving-kerndoel2/","/examenstof/multiculturelesamenleving-kerndoel2/","page"
"/kerndoelen/multiculturelesamenleving/","/examenstof/multiculturelesamenleving-kerndoel3/","/examenstof/multiculturelesamenleving-kerndoel3/","page"
"/kerndoelen/multiculturelesamenleving/","/examenstof/multiculturelesamenleving-kerndoel4/","/examenstof/multiculturelesamenleving-kerndoel4/","page"
"/kerndoelen/multiculturelesamenleving/","/examenstof/multiculturelesamenleving-kerndoel5/","/examenstof/multiculturelesamenleving-kerndoel5/","page"
"/kerndoelen/politiekenbeleid/","/examenstof/politiekenbeleid-kerndoel1-1/","/examenstof/politiekenbeleid-kerndoel1-1/","page"
"/kerndoelen/politiekenbeleid/","/examenstof/politiekenbeleid-kerndoel1-2/","/examenstof/politiekenbeleid-kerndoel1-2/","page"
"/kerndoelen/politiekenbeleid/","/examenstof/politiekenbeleid-kerndoel1-3/","/examenstof/politiekenbeleid-kerndoel1-3/","page"
"/kerndoelen/politiekenbeleid/","/examenstof/politiekenbeleid-kerndoel1-4/","/examenstof/politiekenbeleid-kerndoel1-4/","page"
"/kerndoelen/politiekenbeleid/","/examenstof/politiekenbeleid-kerndoel2/","/examenstof/politiekenbeleid-kerndoel2/","page"
"/kerndoelen/politiekenbeleid/","/examenstof/politiekenbeleid-kerndoel3/","/examenstof/politiekenbeleid-kerndoel3/","page"
"/kerndoelen/politiekenbeleid/","/examenstof/politiekenbeleid-kerndoel4/","/examenstof/politiekenbeleid-kerndoel4/","page"
"/kerndoelen/politiekenbeleid/","/examenstof/politiekenbeleid-kerndoel5/","/examenstof/politiekenbeleid-kerndoel5/","page"
"/kerndoelen/sociale-verschillen/","/examenstof/socialeverschillen-kerndoel1/","/examenstof/socialeverschillen-kerndoel1/","page"
"/kerndoelen/sociale-verschillen/","/examenstof/socialeverschillen-kerndoel2/","/examenstof/socialeverschillen-kerndoel2/","page"
"/kerndoelen/sociale-verschillen/","/examenstof/socialeverschillen-kerndoel3/","/examenstof/socialeverschillen-kerndoel3/","page"
"/leerjaar-3-versneld/","/examenstof/multiculturelemsamenleving-kerndoel-1/","/examenstof/multiculturelemsamenleving-kerndoel-1/","page"
"/leerjaar-3-versneld/","/examenstof/multiculturelesamenleving-kerndoel2/","/examenstof/multiculturelesamenleving-kerndoel2/","page"
"/leerjaar-3-versneld/","/examenstof/multiculturelesamenleving-kerndoel2/","/examenstof/multiculturelesamenleving-kerndoel2/","page"
"/leerjaar-3-versneld/","/examenstof/multiculturelesamenleving-kerndoel3/","/examenstof/multiculturelesamenleving-kerndoel3/","page"
"/leerjaar-3-versneld/","/examenstof/multiculturelesamenleving-kerndoel4/","/examenstof/multiculturelesamenleving-kerndoel4/","page"
"/leerjaar-3-versneld/","/examenstof/multiculturelesamenleving-kerndoel5/","/examenstof/multiculturelesamenleving-kerndoel5/","page"
"/leerjaar-3-versneld/","/examenstof/amv-kerndoel1/","/examenstof/amv-kerndoel1/","page"
"/leerjaar-3-versneld/","/examenstof/mensenwerk-kerndoel1/","/examenstof/mensenwerk-kerndoel1/","page"
"/leerjaar-3-versneld/","/examenstof/mensenwerk-kerndoel2/","/examenstof/mensenwerk-kerndoel2/","page"
"/leerjaar-3-versneld/","/examenstof/mensenwerk-kerndoel3/","/examenstof/mensenwerk-kerndoel3/","page"
"/leerjaar-3-versneld/","/examenstof/mensenwerk-kerndoel4/","/examenstof/mensenwerk-kerndoel4/","page"
"/leerjaar-3-versneld/","/examenstof/mensenwerk-kerndoel5/","/examenstof/mensenwerk-kerndoel5/","page"
"/leerjaar-3-versneld/","/examenstof/mensenwerk-kerndoel6/","/examenstof/mensenwerk-kerndoel6/","page"
"/leerjaar-3-versneld/","/examenstof/amv-kerndoel2/","/examenstof/amv-kerndoel2/","page"
"/leerjaar-3-versneld/","/examenstof/massamedia-kerndoel1/","/examenstof/massamedia-kerndoel1/","page"
"/leerjaar-3-versneld/","/examenstof/massamedia-kerndoel2/","/examenstof/massamedia-kerndoel2/","page"
"/leerjaar-3-versneld/","/examenstof/massamedia-kerndoel3/","/examenstof/massamedia-kerndoel3/","page"
"/leerjaar-3-versneld/","/examenstof/massamedia-kerndoel4/","/examenstof/massamedia-kerndoel4/","page"
"/leerjaar-3-versneld/","/examenstof/amv-kerndoel2/","/examenstof/amv-kerndoel2/","page"
"/leerjaar-3-versneld/","/examenstof/politiekenbeleid-kerndoel1-1/","/examenstof/politiekenbeleid-kerndoel1-1/","page"
"/leerjaar-3-versneld/","/examenstof/politiekenbeleid-kerndoel1-2/","/examenstof/politiekenbeleid-kerndoel1-2/","page"
"/leerjaar-3-versneld/","/examenstof/politiekenbeleid-kerndoel1-2/","/examenstof/politiekenbeleid-kerndoel1-2/","page"
"/leerjaar-3-versneld/","/examenstof/politiekenbeleid-kerndoel1-3/","/examenstof/politiekenbeleid-kerndoel1-3/","page"
"/leerjaar-3-versneld/","/examenstof/politiekenbeleid-kerndoel1-3/","/examenstof/politiekenbeleid-kerndoel1-3/","page"
"/leerjaar-3-versneld/","/examenstof/politiekenbeleid-kerndoel1-4/","/examenstof/politiekenbeleid-kerndoel1-4/","page"
"/leerjaar-3-versneld/","/examenstof/politiekenbeleid-kerndoel2/","/examenstof/politiekenbeleid-kerndoel2/","page"
"/leerjaar-3-versneld/","/examenstof/politiekenbeleid-kerndoel3/","/examenstof/politiekenbeleid-kerndoel3/","page"
"/leerjaar-3-versneld/","/examenstof/politiekenbeleid-kerndoel4/","/examenstof/politiekenbeleid-kerndoel4/","page"
"/leerjaar-3-versneld/","/examenstof/politiekenbeleid-kerndoel5/","/examenstof/politiekenbeleid-kerndoel5/","page"
"/leertips/","/kerndoelen/amv/","/kerndoelen/amv/","page"
"/leertips/","/kerndoelen/beeldvorming-en-stereotypering/","/kerndoelen/beeldvorming-en-stereotypering/","page"
"/leertips/","/kerndoelen/criminaliteit-en-rechtsstaat/","/kerndoelen/criminaliteit-en-rechtsstaat/","page"
"/leertips/","/kerndoelen/cultuur-en-socialisatie/","/kerndoelen/cultuur-en-socialisatie/","page"
"/leertips/","/kerndoelen/domein-b-rechtsstaat/","/kerndoelen/domein-b-rechtsstaat/","page"
"/leertips/","/kerndoelen/domein-c-parlementaire-democratie/","/kerndoelen/domein-c-parlementaire-democratie/","page"
"/leertips/","/kerndoelen/domein-d-verzorgingsstaat/","/kerndoelen/domein-d-verzorgingsstaat/","page"
"/leertips/","/kerndoelen/domien-e-pluriforme-samenleving/","/kerndoelen/domien-e-pluriforme-samenleving/","page"
"/leertips/","/kerndoelen/maatschappijleer/","/kerndoelen/maatschappijleer/","page"
"/leertips/","/kerndoelen/maatschappijleer-vmbo/","/kerndoelen/maatschappijleer-vmbo/","page"
"/leertips/","/kerndoelen/macht-en-zeggenschap/","/kerndoelen/macht-en-zeggenschap/","page"
"/leertips/","/kerndoelen/massamedia/","/kerndoelen/massamedia/","page"
"/leertips/","/kerndoelen/mensenwerk/","/kerndoelen/mensenwerk/","page"
"/leertips/","/kerndoelen/multiculturelesamenleving/","/kerndoelen/multiculturelesamenleving/","page"
"/leertips/","/kerndoelen/politiekenbeleid/","/kerndoelen/politiekenbeleid/","page"
"/leertips/","/kerndoelen/sociale-verschillen/","/kerndoelen/sociale-verschillen/","page"
"/websites/","/examenstof/analyse-maatschappelijk-vraagstuk/","/examenstof/analyse-maatschappelijk-vraagstuk/","page"
"/websites/","/kerndoelen/amv/","/kerndoelen/amv/","page"
"/websites/","/kerndoelen/beeldvorming-en-stereotypering/","/kerndoelen/beeldvorming-en-stereotypering/","page"
"/websites/","/begrippen/","/begrippen/","page"
"/websites/","/examenstof/criminaliteit-en-rechtsstaat/","/examenstof/criminaliteit-en-rechtsstaat/","page"
"/websites/","/kerndoelen/criminaliteit-en-rechtsstaat/","/kerndoelen/criminaliteit-en-rechtsstaat/","page"
"/websites/","/kerndoelen/cultuur-en-socialisatie/","/kerndoelen/cultuur-en-socialisatie/","page"
"/websites/","/kerndoelen/domein-b-rechtsstaat/","/kerndoelen/domein-b-rechtsstaat/","page"
"/websites/","/kerndoelen/domein-c-parlementaire-democratie/","/kerndoelen/domein-c-parlementaire-democratie/","page"
"/websites/","/kerndoelen/domein-d-verzorgingsstaat/","/kerndoelen/domein-d-verzorgingsstaat/","page"
"/websites/","/kerndoelen/domien-e-pluriforme-samenleving/","/kerndoelen/domien-e-pluriforme-samenleving/","page"
"/websites/","/category/examenstof/","/category/examenstof/","page"
"/websites/","/examenstof/","/examenstof/","page"
"/websites/","/examenstof/criminaliteitenrechtsstaat-kerndoel1/","/examenstof/criminaliteitenrechtsstaat-kerndoel1/","page"
"/websites/","/examenstof/massamedia-kerndoel1/","/examenstof/massamedia-kerndoel1/","page"
"/websites/","/examenstof/mensenwerk-kerndoel1/","/examenstof/mensenwerk-kerndoel1/","page"
"/websites/","/examenstof/pluriformesamenleving-kerndoel1/","/examenstof/pluriformesamenleving-kerndoel1/","page"
"/websites/","/examenstof/verzorgingsstaat-kerndoel1/","/examenstof/verzorgingsstaat-kerndoel1/","page"
"/websites/","/examenstof/amv-kerndoel1/","/examenstof/amv-kerndoel1/","page"
"/websites/","/examenstof/machtenzeggenschap-kerndoel1/","/examenstof/machtenzeggenschap-kerndoel1/","page"
"/websites/","/examenstof/multiculturelemsamenleving-kerndoel-1/","/examenstof/multiculturelemsamenleving-kerndoel-1/","page"
"/websites/","/examenstof/beeldvormingenstereotypering-kerndoel1/","/examenstof/beeldvormingenstereotypering-kerndoel1/","page"
"/websites/","/examenstof/socialeverschillen-kerndoel1/","/examenstof/socialeverschillen-kerndoel1/","page"
"/websites/","/examenstof/cultuurensocialisatie-kerndoel1/","/examenstof/cultuurensocialisatie-kerndoel1/","page"
"/websites/","/examenstof/rechtsstaat-kerndoel1/","/examenstof/rechtsstaat-kerndoel1/","page"
"/websites/","/examenstof/politiekenbeleid-kerndoel1-1/","/examenstof/politiekenbeleid-kerndoel1-1/","page"
"/websites/","/examenstof/politiekenbeleid-kerndoel1-2/","/examenstof/politiekenbeleid-kerndoel1-2/","page"
"/websites/","/examenstof/politiekenbeleid-kerndoel1-3/","/examenstof/politiekenbeleid-kerndoel1-3/","page"
"/websites/","/examenstof/politiekenbeleid-kerndoel1-4/","/examenstof/politiekenbeleid-kerndoel1-4/","page"
"/websites/","/examenstof/socialeverschillen-kerndoel2/","/examenstof/socialeverschillen-kerndoel2/","page"
"/websites/","/examenstof/mensenwerk-kerndoel2/","/examenstof/mensenwerk-kerndoel2/","page"
"/websites/","/examenstof/politiekenbeleid-kerndoel2/","/examenstof/politiekenbeleid-kerndoel2/","page"
"/websites/","/examenstof/massamedia-kerndoel2/","/examenstof/massamedia-kerndoel2/","page"
"/websites/","/examenstof/rechtsstaat-kerndoel2/","/examenstof/rechtsstaat-kerndoel2/","page"
"/websites/","/examenstof/pluriformesamenleving-kerndoel2/","/examenstof/pluriformesamenleving-kerndoel2/","page"
"/websites/","/examenstof/multiculturelesamenleving-kerndoel2/","/examenstof/multiculturelesamenleving-kerndoel2/","page"
"/websites/","/examenstof/criminaliteitenrechtsstaat-kerndoel2/","/examenstof/criminaliteitenrechtsstaat-kerndoel2/","page"
"/websites/","/examenstof/amv-kerndoel2/","/examenstof/amv-kerndoel2/","page"
"/websites/","/examenstof/machtenzeggenschap-kerndoel2/","/examenstof/machtenzeggenschap-kerndoel2/","page"
"/websites/","/examenstof/verzorgingsstaat-kerndoel2/","/examenstof/verzorgingsstaat-kerndoel2/","page"
"/websites/","/examenstof/cultuurensocialisatie-kerndoel2/","/examenstof/cultuurensocialisatie-kerndoel2/","page"
"/websites/","/examenstof/beeldvormingenstereotypering-kerndoel2/","/examenstof/beeldvormingenstereotypering-kerndoel2/","page"
"/websites/","/examenstof/pluriformesamenleving-kerndoel3/","/examenstof/pluriformesamenleving-kerndoel3/","page"
"/websites/","/examenstof/verzorgingsstaat-kerndoel3-2/","/examenstof/verzorgingsstaat-kerndoel3-2/","page"
"/websites/","/examenstof/amv-kerndoel3/","/examenstof/amv-kerndoel3/","page"
"/websites/","/examenstof/rechtsstaat-kerndoel3/","/examenstof/rechtsstaat-kerndoel3/","page"
"/websites/","/examenstof/machtenzeggenschap-kerndoel3/","/examenstof/machtenzeggenschap-kerndoel3/","page"
"/websites/","/examenstof/massamedia-kerndoel3/","/examenstof/massamedia-kerndoel3/","page"
"/websites/","/examenstof/criminaliteitenrechtsstat-kerndoel3/","/examenstof/criminaliteitenrechtsstat-kerndoel3/","page"
"/websites/","/examenstof/socialeverschillen-kerndoel3/","/examenstof/socialeverschillen-kerndoel3/","page"
"/websites/","/examenstof/politiekenbeleid-kerndoel3/","/examenstof/politiekenbeleid-kerndoel3/","page"
"/websites/","/examenstof/cultuurensocialisatie-kerndoel3/","/examenstof/cultuurensocialisatie-kerndoel3/","page"
"/websites/","/examenstof/mensenwerk-kerndoel3/","/examenstof/mensenwerk-kerndoel3/","page"
"/websites/","/examenstof/multiculturelesamenleving-kerndoel3/","/examenstof/multiculturelesamenleving-kerndoel3/","page"
"/websites/","/examenstof/beeldvormingenstereotypring-kerndoel4/","/examenstof/beeldvormingenstereotypring-kerndoel4/","page"
"/websites/","/examenstof/multiculturelesamenleving-kerndoel4/","/examenstof/multiculturelesamenleving-kerndoel4/","page"
"/websites/","/examenstof/massamedia-kerndoel4/","/examenstof/massamedia-kerndoel4/","page"
"/websites/","/examenstof/mensenwerk-kerndoel4/","/examenstof/mensenwerk-kerndoel4/","page"
"/websites/","/examenstof/criminaliteitenrechtsstaat-kerndoel4/","/examenstof/criminaliteitenrechtsstaat-kerndoel4/","page"
"/websites/","/examenstof/pluriformesamenleving-kerndoel4/","/examenstof/pluriformesamenleving-kerndoel4/","page"
"/websites/","/examenstof/verzorgingsstaat-kerndoel4/","/examenstof/verzorgingsstaat-kerndoel4/","page"
"/websites/","/examenstof/machtenzeggenschap-kerndoel4/","/examenstof/machtenzeggenschap-kerndoel4/","page"
"/websites/","/examenstof/politiekenbeleid-kerndoel4/","/examenstof/politiekenbeleid-kerndoel4/","page"
"/websites/","/examenstof/mensenwerk-kerndoel5/","/examenstof/mensenwerk-kerndoel5/","page"
"/websites/","/examenstof/politiekenbeleid-kerndoel5/","/examenstof/politiekenbeleid-kerndoel5/","page"
"/websites/","/examenstof/criminaliteitenrechtsstaat-kerndoel5/","/examenstof/criminaliteitenrechtsstaat-kerndoel5/","page"
"/websites/","/examenstof/multiculturelesamenleving-kerndoel5/","/examenstof/multiculturelesamenleving-kerndoel5/","page"
"/websites/","/examenstof/mensenwerk-kerndoel6/","/examenstof/mensenwerk-kerndoel6/","page"
"/websites/","/kerndoelen/","/kerndoelen/","page"
"/websites/","/kerndoelen/maatschappijleer/","/kerndoelen/maatschappijleer/","page"
"/websites/","/kerndoelen/maatschappijleer-vmbo/","/kerndoelen/maatschappijleer-vmbo/","page"
"/websites/","/kerndoelen/macht-en-zeggenschap/","/kerndoelen/macht-en-zeggenschap/","page"
"/websites/","/kerndoelen/massamedia/","/kerndoelen/massamedia/","page"
"/websites/","/examenstof/mens-en-werk/","/examenstof/mens-en-werk/","page"
"/websites/","/kerndoelen/mensenwerk/","/kerndoelen/mensenwerk/","page"
"/websites/","/kerndoelen/multiculturelesamenleving/","/kerndoelen/multiculturelesamenleving/","page"
"/websites/","/examenstof/politiekenbeleid/","/examenstof/politiekenbeleid/","page"
"/websites/","/kerndoelen/politiekenbeleid/","/kerndoelen/politiekenbeleid/","page"
"/websites/","/kerndoelen/sociale-verschillen/","/kerndoelen/sociale-verschillen/","page"
