id,type,title,slug,url,date,modified,word_count,yoast_title,yoast_metadesc,focus_keyword
2,page,Examenstof,examenstof,/examenstof/,2015-11-30 15:29:36,2016-04-24 12:42:30,1,,"Alle examenstof van het VMBO examenvak maatschappijleer 2: Geschreven uitleg, Video’s, Oefenvragen, Slides, Downloads en meer - Voor leerlingen en docenten!",
8,page,Websites,websites,/websites/,2015-11-30 15:40:04,2016-06-21 13:13:03,15,,"Alle examenstof van het VMBO examenvak maatschappijleer 2: Geschreven uitleg, Video’s, Oefenvragen, Slides, Downloads en meer - Voor leerlingen en docenten!",
27,page,Kerndoelen,kerndoelen,/kerndoelen/,2015-11-30 16:51:32,2015-12-13 17:12:03,0,,,
34,page,Home,home,/home/,2015-11-30 17:37:47,2016-06-22 20:38:33,45,Maatschappijkunde.nl,"Alle examenstof van het VMBO examenvak maatschappijleer 2: Geschreven uitleg, Video’s, Oefenvragen, Slides, Downloads en meer - Voor leerlingen en docenten!",maatschappijkunde
83,page,Over maatschappijkunde.nl,over,/over/,2015-12-05 19:13:39,2024-01-22 19:23:49,117,,"Alle examenstof van het VMBO examenvak maatschappijleer 2: geschreven uitleg, video’s, slides en downloads. Voor leerlingen en docenten!",maatschappijleer 2
191,page,Mens en Werk,mens-en-werk,/examenstof/mens-en-werk/,2015-12-06 20:39:30,2016-03-07 09:26:11,0,,"Alle Geschreven uitleg, Video's, Slides en Downloads van het onderwerp Mens en Werk van het examenvak maatschappijleer 2.",
205,page,Politiek en Beleid,politiekenbeleid,/examenstof/politiekenbeleid/,2015-12-06 21:14:42,2016-06-18 19:16:48,2,,"Alle Geschreven uitleg, Video's, Slides en Downloads van het onderwerp Politiek en Beleid van het examenvak maatschappijleer 2.",politiek en beleid
232,page,Planning,planning,/planning/,2015-12-07 09:16:35,2024-04-09 13:02:57,502,,,
694,page,Criminaliteit en Rechtsstaat,criminaliteit-en-rechtsstaat,/examenstof/criminaliteit-en-rechtsstaat/,2015-12-21 17:39:22,2016-06-18 19:17:07,2,,"Alle Geschreven uitleg, Video's, Slides en Downloads van het onderwerp Criminaliteit en Rechtsstaat van het examenvak maatschappijleer 2.",criminaliteit en rechtsstaat
1029,page,???? Analyse Maatschappelijk Vraagstuk,analyse-maatschappelijk-vraagstuk,/examenstof/analyse-maatschappelijk-vraagstuk/,2016-02-13 13:57:23,2018-04-12 20:09:05,2,,"Alle Geschreven uitleg, Video's, Slides en Downloads van het onderwerp Analyse Maatschappelijk Vraagstuk (AMV) van het examenvak maatschappijleer 2.",
1491,glossary,Tweede Kamer,tweede-kamer,/begrippen/tweede-kamer/,2016-05-21 20:31:38,2016-08-14 21:01:44,31,,,
1501,page,Begrippenlijst,begrippen,/begrippen/,2016-05-21 20:44:51,2016-06-26 18:22:01,39,,,
1504,glossary,Eerste Kamer,eerste-kamer,/begrippen/eerste-kamer/,2016-05-21 20:51:07,2016-08-14 21:01:52,26,,,
1509,glossary,Parlement,parlement,/begrippen/parlement/,2016-05-21 20:56:27,2016-08-14 21:02:32,90,,,
1515,glossary,Algemene Beschouwingen,algemene-beschouwingen,/begrippen/algemene-beschouwingen/,2016-05-21 21:01:39,2016-08-14 21:04:27,139,,,
1517,glossary,Begroting,begroting,/begrippen/begroting/,2016-05-21 21:03:29,2016-08-14 21:04:05,58,,,
1519,glossary,Burgemeester,burgemeester,/begrippen/burgemeester/,2016-05-21 21:04:01,2016-08-14 21:05:33,54,,,
1522,glossary,Coalitiepartijen,coalitiepartijen,/begrippen/coalitiepartijen/,2016-05-21 21:05:24,2016-08-14 21:06:59,36,,,
1524,glossary,College van B en W,college-burgemeester-en-wethouders,/begrippen/college-burgemeester-en-wethouders/,2016-05-21 21:06:48,2016-08-14 21:06:55,39,,,
1526,glossary,Commissaris van de Koning,commissaris-van-de-koning,/begrippen/commissaris-van-de-koning/,2016-05-21 21:08:24,2016-08-14 21:07:11,35,,,
1528,glossary,Democratische Besluitvorming,democratische-besluitvorming,/begrippen/democratische-besluitvorming/,2016-05-21 21:09:13,2016-08-17 07:27:42,101,,,
1530,glossary,Dictatuur,dictatuur,/begrippen/dictatuur/,2016-05-21 21:10:16,2016-08-14 21:09:00,64,,,
1532,glossary,Gemeenteraad,gemeenteraad,/begrippen/gemeenteraad/,2016-05-21 21:10:57,2016-08-14 21:09:10,37,,,
1534,glossary,Directe Verkiezingen,directe-verkiezingen,/begrippen/directe-verkiezingen/,2016-05-21 21:13:09,2016-08-14 21:09:22,27,,,
1536,glossary,Fracties,fracties,/begrippen/fracties/,2016-05-21 21:16:26,2017-05-15 14:15:58,91,,,
1538,glossary,Fractievoorzitter,fractievoorzitter,/begrippen/fractievoorzitter/,2016-05-21 21:21:43,2016-08-14 21:09:46,64,,,
1540,glossary,Gedeputeerde Staten,gedeputeerde-staten,/begrippen/gedeputeerde-staten/,2016-05-21 21:24:06,2016-08-14 21:09:58,29,,,
1542,glossary,Grondrechten,grondrechten,/begrippen/grondrechten/,2016-05-21 21:24:50,2016-08-14 21:10:09,51,,,
1544,glossary,Indirecte Verkiezingen,indirecte-verkiezingen,/begrippen/indirecte-verkiezingen/,2016-05-21 21:26:38,2016-08-14 21:10:17,48,,,
1546,glossary,Kabinet,kabinet,/begrippen/kabinet/,2016-05-21 21:28:23,2016-08-14 21:10:26,58,,,
1548,glossary,Kabinetscrisis,kabinetscrisis,/begrippen/kabinetscrisis/,2016-05-21 21:29:17,2016-08-14 21:10:39,74,,,
1550,glossary,Kabinetsformatie,kabinetsformatie,/begrippen/kabinetsformatie/,2016-05-21 21:30:04,2016-08-14 21:10:53,53,,,
1554,glossary,Kiesdeler,kiesdeler,/begrippen/kiesdeler/,2016-05-21 21:31:32,2016-08-14 21:11:03,112,,,
1556,glossary,Socialistische stroming,socialistische-stroming,/begrippen/socialistische-stroming/,2016-05-21 21:32:48,2017-12-11 16:07:26,93,,,
1558,glossary,Machtenscheiding,machtenscheiding,/begrippen/machtenscheiding/,2016-05-21 21:33:11,2016-08-14 21:14:40,29,,,
1560,glossary,Christelijke Stroming,christelijke-stroming,/begrippen/christelijke-stroming/,2016-05-21 21:34:19,2016-08-14 21:21:41,94,,,
1562,glossary,Miljoenennota,miljoenennota,/begrippen/miljoenennota/,2016-05-21 21:34:49,2016-08-14 21:21:01,133,,,
1564,glossary,Ministeriële verantwoordelijkheid,ministeriele-verantwoordelijkheid,/begrippen/ministeriele-verantwoordelijkheid/,2016-05-21 21:35:28,2016-08-14 21:22:25,52,,,
1566,glossary,Minister,minister,/begrippen/minister/,2016-05-21 21:36:20,2020-01-02 21:27:47,42,,,
1572,glossary,Minister President,minister-president,/begrippen/minister-president/,2016-05-21 21:37:55,2016-08-14 21:23:21,25,,,
1574,glossary,Oppositiepartijen,oppositiepartijen,/begrippen/oppositiepartijen/,2016-05-21 21:38:50,2017-05-10 14:01:17,50,,,
1576,glossary,Parlementaire Democratie,parlementaire-democratie,/begrippen/parlementaire-democratie/,2016-05-21 21:39:34,2016-08-14 21:25:21,80,,,
1578,glossary,Parlementair Jaar,parlementair-jaar,/begrippen/parlementair-jaar/,2016-05-21 21:40:12,2016-08-14 21:25:32,132,,,
1580,glossary,Provinciale Staten,provinciale-staten,/begrippen/provinciale-staten/,2016-05-21 21:40:45,2016-08-14 21:25:42,33,,,
1582,glossary,Rechterlijke Macht,rechterlijke-macht,/begrippen/rechterlijke-macht/,2016-05-21 21:41:14,2016-08-14 21:25:51,23,,,
1584,glossary,liberale stroming,liberale-stroming,/begrippen/liberale-stroming/,2016-05-21 21:42:20,2017-12-11 16:02:35,100,,,
1586,glossary,Rechtsstaat,rechtsstaat,/begrippen/rechtsstaat/,2016-05-21 21:42:52,2016-08-14 21:29:26,19,,,
1588,glossary,Recht van initiatief,recht-van-initiatief,/begrippen/recht-van-initiatief/,2016-05-21 21:43:28,2016-08-14 21:30:02,26,,,
1591,glossary,Recht van Amendement,recht-van-amendement,/begrippen/recht-van-amendement/,2016-05-21 21:45:39,2016-08-14 21:30:47,74,,,
1594,glossary,Recht van Motie,recht-van-motie,/begrippen/recht-van-motie/,2016-05-21 21:47:52,2016-08-14 21:31:05,162,,,
1597,glossary,Recht van enquête,recht-van-enquete,/begrippen/recht-van-enquete/,2016-05-21 21:48:51,2016-08-14 21:31:28,50,,,
1600,glossary,Recht van interpellatie,recht-van-interpellatie,/begrippen/recht-van-interpellatie/,2016-05-21 21:49:51,2016-09-25 16:11:25,44,,,
1604,glossary,Reageerakkoord,reageerakkoord,/begrippen/reageerakkoord/,2016-05-21 21:52:44,2016-08-14 21:32:27,56,,,
1606,glossary,Collegeakkoord,collegeakkoord,/begrippen/collegeakkoord/,2016-05-21 21:53:40,2016-08-14 21:32:35,57,,,
1608,glossary,Regering,regering,/begrippen/regering/,2016-05-21 21:54:37,2016-08-14 21:32:52,68,,,
1610,glossary,Staatshoofd,staatshoofd,/begrippen/staatshoofd/,2016-05-21 21:55:16,2016-08-14 21:33:02,69,,,
1612,glossary,Staatssecretaris,staatssecretaris,/begrippen/staatssecretaris/,2016-05-21 21:55:51,2016-08-14 21:33:12,56,,,
1614,glossary,Troonrede,troonrede,/begrippen/troonrede/,2016-05-21 21:56:44,2016-08-14 21:33:28,145,,,
1616,glossary,Trias Politica,trias-politica,/begrippen/trias-politica/,2016-05-21 21:58:20,2016-08-14 21:33:56,74,,,
1619,glossary,Uitvoerende Macht,uitvoerende-macht,/begrippen/uitvoerende-macht/,2016-05-21 21:59:00,2016-08-14 21:34:11,16,,,
1621,glossary,Verordening,verordening,/begrippen/verordening/,2016-05-21 21:59:32,2016-08-14 21:34:20,61,,,
1623,glossary,Volksvertegenwoordigers,volksvertegenwoordigers,/begrippen/volksvertegenwoordigers/,2016-05-21 22:00:11,2016-08-14 21:35:18,42,,,
1625,glossary,Wetgevende Macht,wetgevende-macht,/begrippen/wetgevende-macht/,2016-05-21 22:00:37,2016-08-14 21:35:29,16,,,
1627,glossary,Vrije Verkiezingen,vrije-verkiezingen,/begrippen/vrije-verkiezingen/,2016-05-21 22:01:23,2016-08-14 21:35:36,50,,,
1670,glossary,Recht van Budget,recht-van-budget,/begrippen/recht-van-budget/,2016-05-21 22:50:36,2016-08-14 21:35:41,40,,,
1747,glossary,Constitutionele Monarchie,constitutionele-monarchie,/begrippen/constitutionele-monarchie/,2016-05-22 10:26:48,2016-08-14 21:35:51,22,,,
1749,glossary,Geheim van het Paleis,geheim-van-het-paleid,/begrippen/geheim-van-het-paleid/,2016-05-22 10:29:42,2016-08-14 21:36:00,19,,,
1751,glossary,Ceremoniële functie,ceremoniele-functie,/begrippen/ceremoniele-functie/,2016-05-22 10:31:46,2018-04-07 20:13:31,24,,,
1753,glossary,Symbolische functie,symbolische-functie,/begrippen/symbolische-functie/,2016-05-22 10:33:59,2018-04-07 20:12:47,23,,,
1755,glossary,Representatieve functie,representatieve-functie,/begrippen/representatieve-functie/,2016-05-22 10:35:17,2018-04-07 20:14:26,36,,,
1757,glossary,Europese Gemeenschap voor Kolen en Staal,europese-gemeenschap-kolen-en-staal,/begrippen/europese-gemeenschap-kolen-en-staal/,2016-05-22 10:38:41,2016-08-14 21:36:41,41,,,
1759,glossary,Europese Gemeenschap,europese-gemeenschap,/begrippen/europese-gemeenschap/,2016-05-22 10:40:18,2016-08-14 21:36:47,28,,,
1761,glossary,Europese Unie,europese-unie,/begrippen/europese-unie/,2016-05-22 10:43:18,2016-08-14 21:36:54,20,,,
1763,glossary,Europese Parlement,europese-parlement,/begrippen/europese-parlement/,2016-05-22 10:48:54,2016-08-14 21:41:28,54,,,
1765,glossary,Europese Commissie,europese-commissie,/begrippen/europese-commissie/,2016-05-22 10:54:03,2016-08-14 21:41:37,52,,,
1767,glossary,Raad van de Europese Unie,raad-europese-unie,/begrippen/raad-europese-unie/,2016-05-22 10:58:04,2016-08-14 21:41:47,63,,,
1769,glossary,Europese Raad,europese-raad,/begrippen/europese-raad/,2016-05-22 10:59:30,2016-08-14 21:42:02,62,,,
1771,glossary,Politiek Probleem,politiek-probleem,/begrippen/politiek-probleem/,2016-05-22 11:01:24,2016-08-14 21:42:09,22,,,
1773,glossary,Politieke Agenda,politieke-agenda,/begrippen/politieke-agenda/,2016-05-22 11:03:03,2016-08-14 21:42:18,44,,,
1775,glossary,Beleidsvoorbereiding,beleidsvoorbereiding,/begrippen/beleidsvoorbereiding/,2016-05-22 11:04:11,2016-08-14 21:42:24,7,,,
1777,glossary,Publieke opinie,publieke-opinie,/begrippen/publieke-opinie/,2016-05-22 11:05:10,2016-08-17 07:26:56,9,,,
1779,glossary,Lobbyen,lobbyen,/begrippen/lobbyen/,2016-05-22 11:06:12,2016-08-14 21:44:00,15,,,
1781,glossary,Referendum,referendum,/begrippen/referendum/,2016-05-22 11:15:30,2016-08-14 21:44:28,68,,,
1785,glossary,Dereguleren,dereguleren,/begrippen/dereguleren/,2016-05-22 11:16:50,2016-08-14 21:44:39,16,,,
1788,glossary,Rentmeesterschap,rentmeesterschap,/begrippen/rentmeesterschap/,2016-05-22 11:19:33,2016-08-14 21:44:47,14,,,
1810,glossary,Waarden,waarden,/begrippen/waarden/,2016-05-22 13:38:20,2016-08-14 21:45:08,14,,,
1813,glossary,Normen,normen,/begrippen/normen/,2016-05-22 13:39:49,2016-08-14 21:45:17,18,,,
1816,glossary,Wet,wet,/begrippen/wet/,2016-05-22 13:41:16,2016-08-14 21:45:25,40,,,
1818,glossary,Criminaliteit,criminaliteit,/begrippen/criminaliteit/,2016-05-22 13:42:30,2016-08-14 21:45:33,77,,,
1820,glossary,Wetboek van Strafrecht,wetboek-van-strafrecht,/begrippen/wetboek-van-strafrecht/,2016-05-22 13:43:29,2016-08-14 21:45:44,46,,,
1822,glossary,Overtredingen,overtredingen,/begrippen/overtredingen/,2016-05-22 13:45:16,2016-08-14 21:45:56,25,,,
1824,glossary,Misdrijven,misdrijven,/begrippen/misdrijven/,2016-05-22 13:45:53,2016-08-14 21:46:07,24,,,
1826,glossary,Delicten,delicten,/begrippen/delicten/,2016-05-22 13:48:51,2016-08-14 21:46:20,28,,,
1828,glossary,Materiële schade,materiele-schade,/begrippen/materiele-schade/,2016-05-22 13:50:08,2016-08-14 21:47:38,30,,,
1830,glossary,Immateriële schade,immateriele-schade,/begrippen/immateriele-schade/,2016-05-22 13:51:22,2016-08-14 21:47:53,33,,,
1833,glossary,Vermogenscriminaliteit,vermogenscriminaliteit,/begrippen/vermogenscriminaliteit/,2016-05-22 13:53:20,2016-11-13 21:28:10,24,,,
1835,glossary,Jeugdstrafrecht,jeugdstrafrecht,/begrippen/jeugdstrafrecht/,2016-05-22 13:55:25,2017-05-20 10:12:46,104,,,
1838,glossary,Hoger beroep,hoger-beroep,/begrippen/hoger-beroep/,2016-05-22 13:58:28,2018-01-08 07:38:05,92,,,
1840,glossary,Sector Kanton,sector-kanton,/begrippen/sector-kanton/,2016-05-22 13:59:51,2016-08-14 21:48:34,23,,,
1842,glossary,Sector Strafrecht,sector-strafrecht,/begrippen/sector-strafrecht/,2016-05-22 14:01:10,2016-08-14 21:48:59,23,,,
1846,glossary,Sector Civiel,sector-civiel,/begrippen/sector-civiel/,2016-05-22 14:03:33,2016-08-14 21:49:12,24,,,
1853,glossary,Sector Bestuursrecht,sector-bestuursrecht,/begrippen/sector-bestuursrecht/,2016-05-22 14:17:26,2016-08-14 21:50:21,28,,,
1856,glossary,Requisitoir,requisitoir,/begrippen/requisitoir/,2016-05-22 14:21:33,2016-08-14 21:50:34,24,,,
1858,glossary,Pleidooi,pleidooi,/begrippen/pleidooi/,2016-05-22 14:22:55,2016-08-14 21:50:40,22,,,
1860,glossary,Bureau Reclassering,bureau-reclassering,/begrippen/bureau-reclassering/,2016-05-22 14:23:53,2016-08-14 21:50:49,51,,,
1862,glossary,Officier van Justitie,officier-van-justitie,/begrippen/officier-van-justitie/,2016-05-22 14:26:06,2016-08-14 21:51:07,30,,,
1864,glossary,Recidiveren,recidiveren,/begrippen/recidiveren/,2016-05-22 14:27:14,2016-08-14 21:51:14,11,,,
1866,glossary,Etikettering,etikettering,/begrippen/etikettering/,2016-05-22 14:28:32,2016-08-14 21:51:24,31,,,
1868,glossary,Normvervaging,normvervaging,/begrippen/normvervaging/,2016-05-22 14:30:33,2016-08-14 21:51:35,33,,,
1870,glossary,Bureaucratie,bureaucratie,/begrippen/bureaucratie/,2016-05-22 14:32:36,2017-01-15 20:52:40,50,,,
1873,glossary,Klassenjustitie,klassenjustitie,/begrippen/klassenjustitie/,2016-05-22 14:34:33,2016-08-14 21:52:18,25,,,
1875,glossary,Witteboordencriminaliteit,witteboordencriminaliteit,/begrippen/witteboordencriminaliteit/,2016-05-22 14:35:50,2016-08-14 21:52:26,23,,,
1877,glossary,Preventie,preventie,/begrippen/preventie/,2016-05-22 14:38:45,2017-05-31 08:29:31,27,,,
1880,glossary,Repressie,repressie,/begrippen/repressie/,2016-05-22 14:40:34,2017-11-18 16:50:08,25,,,
1883,glossary,Indoctrinatie,indoctrinatie,/begrippen/indoctrinatie/,2016-05-22 14:46:18,2016-08-14 21:53:46,13,,,
1885,glossary,Manipulatie,manipulatie,/begrippen/manipulatie/,2016-05-22 14:47:19,2016-08-14 21:53:54,13,,,
1887,glossary,Referentiekader,referentiekader,/begrippen/referentiekader/,2016-05-22 14:49:20,2016-08-14 21:54:39,41,,,
1894,glossary,Regeerakkoord,regeerakkoord,/begrippen/regeerakkoord/,2016-05-23 09:00:05,2016-08-14 21:54:57,52,,,
1900,glossary,Rechtbank,rechtbank,/begrippen/rechtbank/,2016-05-24 06:52:00,2016-08-14 21:55:06,45,,,
1902,glossary,Gerechtshof,gerechtshof,/begrippen/gerechtshof/,2016-05-24 06:53:42,2016-08-14 21:55:14,44,,,
1907,glossary,Hoge Raad,hoge-raad,/begrippen/hoge-raad/,2016-05-24 07:15:07,2016-08-14 21:55:20,89,,,
1911,glossary,Voorzitter van de Tweede Kamer,voorzitter-tweede-kamer,/begrippen/voorzitter-tweede-kamer/,2016-05-24 07:48:05,2016-08-14 21:56:20,35,,,
1927,glossary,Wegenverkeerswet,wegenverkeerswet,/begrippen/wegenverkeerswet/,2016-05-25 17:08:54,2016-08-14 21:56:32,38,,,
1929,glossary,Wet Economische Delicten,wet-economische-delicten,/begrippen/wet-economische-delicten/,2016-05-25 17:14:19,2016-08-14 21:56:43,40,,,
1932,glossary,Opiumwet,opiuwet,/begrippen/opiuwet/,2016-05-25 17:18:46,2016-08-14 21:56:51,39,,,
1942,glossary,Multi-step-flow theorie,multi-step-flow-theorie,/begrippen/multi-step-flow-theorie/,2016-05-25 19:44:41,2016-08-14 21:56:59,68,,,
1945,glossary,Injectienaaldtheorie,injectienaaldtheorie,/begrippen/injectienaaldtheorie/,2016-05-25 19:46:39,2016-08-14 21:57:10,77,,,
1947,glossary,Media als betekenisverlener,media-als-betekenisverlener,/begrippen/media-als-betekenisverlener/,2016-05-25 19:49:52,2016-08-17 07:41:58,82,,,
1949,glossary,Theorie van selectieve perceptie,theorie-selectieve-perceptie,/begrippen/theorie-selectieve-perceptie/,2016-05-25 19:52:29,2016-08-17 07:38:07,82,,,
1951,glossary,Agendatheorie,agendatheorie,/begrippen/agendatheorie/,2016-05-25 19:57:33,2016-08-14 21:57:44,88,,,
2120,ht_kb,Kerndoel 1.1 - Democratie en Dictatuur,politiekenbeleid-kerndoel1-1,/examenstof/politiekenbeleid-kerndoel1-1/,2016-06-21 10:53:19,2018-04-07 20:06:26,487,"Politiek en Beleid - Democratie, Rechtsstaat en Dictatuur - maatschappijkunde.nl","Maatschappijkunde | Politiek en Beleid | kerndoel 1.1 - Kenmerken parlementaire democratie, Kenmerken rechtsstaat en verschillen democratie en dictatuur.",
2131,ht_kb,Kerndoel 1.2 - Nederland als parlementaire democratie,politiekenbeleid-kerndoel1-2,/examenstof/politiekenbeleid-kerndoel1-2/,2016-06-21 11:28:26,2017-11-03 12:23:12,1916,Politiek en Beleid - Nederland als parlementaire democratie - Maatschappijkunde.nl,"Maatschappijkunde | Politiek en Beleid | kerndoel 1.2 - Kabinetsformatie, Wetgeving, Parlementair jaar, Taken en Verhoudingen regering en parlement.",
2153,ht_kb,Kerndoel 1.3 - De 3 bestuurslagen,politiekenbeleid-kerndoel1-3,/examenstof/politiekenbeleid-kerndoel1-3/,2016-06-21 12:31:03,2017-06-18 19:17:55,1074,Politiek en Beleid - De 3 bestuurslagen - Maatschappijkunde.nl,"Maatschappijkunde | Politiek en Beleid | kerndoel 1.3 - De 3 bestuurslagen: het landelijke bestuur (Rijk), het Provinciale bestuur en het Gemeente bestuur.",
2165,ht_kb,Kerndoel 1.4 - Constitutionele Monarchie,politiekenbeleid-kerndoel1-4,/examenstof/politiekenbeleid-kerndoel1-4/,2016-06-21 12:55:18,2017-06-19 19:59:53,335,Politiek en Beleid - Constitutionele Monarchie - Maatschappijkunde.nl,Maatschappijkunde | Politiek en Beleid | kerndoel 1.4 - Functioneren Constitutionele Monarchie en Taken Koning.,
2175,ht_kb,Kerndoel 2 - De Europese Unie,politiekenbeleid-kerndoel2,/examenstof/politiekenbeleid-kerndoel2/,2016-06-21 13:03:05,2017-09-21 08:13:16,954,Politiek en Beleid - De Europese Unie - Maatschappijkunde.nl,"Maatschappijkunde | Politiek en Beleid | kerndoel 2 - De Europese Unie: Het ontstaan-, Het bestuur- en de invloed van de Europese Unie.",
2182,ht_kb,Kerndoel 3 - Politieke Besluitvorming,politiekenbeleid-kerndoel3,/examenstof/politiekenbeleid-kerndoel3/,2016-06-21 13:16:32,2017-10-22 16:26:19,955,Politiek en Beleid - Politieke Besluitvorming - Maatschappijkunde.nl,"Maatschappijkunde | Politiek en Beleid | kerndoel 3 - Fasen politieke besluitvorming, Invloed burger, Invloed groepen en organisaties en Functies media.",
2188,ht_kb,Kerndoel 4 - Knelpunten politieke besluitvorming,politiekenbeleid-kerndoel4,/examenstof/politiekenbeleid-kerndoel4/,2016-06-21 13:21:30,2017-05-08 19:27:14,403,Politiek en Beleid - Knelpunten politieke besluitvorming - Maatschappijkunde.nl,"Maatschappijkunde | Politiek en Beleid | kerndoel 4 - Knelpunten politieke besluitvorming, Oplossingen politieke besluitvorming en een Referendum.",
2190,ht_kb,Kerndoel 5 - Politieke Stromingen,politiekenbeleid-kerndoel5,/examenstof/politiekenbeleid-kerndoel5/,2016-06-21 13:31:34,2018-04-23 11:30:44,348,Politiek en Beleid - Politieke Stromingen - Maatschappijkunde.nl,"Maatschappijkunde | Politiek en Beleid | kerndoel 5 - Politieke stromingen: Liberalen, Socialistischen, Christendemocraten, Ecologisch en Extreem-Rechts.",
2202,ht_kb,Kerndoel 1 - Kenmerken Maatschappelijk Vraagstuk,amv-kerndoel1,/examenstof/amv-kerndoel1/,2016-06-21 13:37:02,2024-10-13 17:40:41,179,Analyse Maatschappelijk Vraagstuk - Kenmerken Maatschappelijk Vraagstuk,Maatschappijkunde | Analyse Maatschappelijk Vraagstuk (AMV) | Kerndoel 1 - Kenmerken Maatschappelijk Vraagstuk (Probleem).,
2206,ht_kb,Kerndoel 2 - Invalshoeken Maatschappelijk Vraagstuk,amv-kerndoel2,/examenstof/amv-kerndoel2/,2016-06-21 13:41:47,2018-01-29 20:50:59,436,Analyse Maatschappelijk Vraagstuk - Invalshoeken Maatschappelijk Vraagstuk,Maatschappijkunde | Analyse Maatschappelijk Vraagstuk (AMV) | Kerndoel 2 - Invalshoeken Maatschappelijk Vraagstuk (Probleem).,
2211,ht_kb,Kerndoel 3 - De rol van de media,amv-kerndoel3,/examenstof/amv-kerndoel3/,2016-06-21 13:56:06,2018-03-11 16:09:55,1864,Analyse Maatschappelijk Vraagstuk - De rol van de media,"Maatschappijkunde | Analyse Maatschappelijk Vraagstuk (AMV) | Kerndoel 3 - nieuwsselectie, mediafuncties, beeldvorming en beïnvloedingstheorieën.",
2295,ht_kb,Kerndoel 1 - Criminaliteit in de maatschappij,criminaliteitenrechtsstaat-kerndoel1,/examenstof/criminaliteitenrechtsstaat-kerndoel1/,2016-06-22 11:40:53,2017-12-11 13:35:26,1062,Criminaliteit en Rechtsstaat - Criminaliteit in de maatschappij - Maatschappijkunde.nl,"Maatschappijkunde | Criminaliteit en Rechtsstaat | Kerndoel 1 - Criminaliteit als begrip, maatschappelijk probleem, de gevolgen, statistieken, beeldvorming",
2331,ht_kb,Kerndoel 2 - Het straf- en procesrecht,criminaliteitenrechtsstaat-kerndoel2,/examenstof/criminaliteitenrechtsstaat-kerndoel2/,2016-06-22 18:14:09,2017-06-07 20:52:27,1229,Criminaliteit en Rechtsstaat - Het straf- en procesrecht - Maatschappijkunde.nl,"Maatschappijkunde | Criminaliteit en Rechtsstaat | Kerndoel 2 - Kenmerken rechtsstaat, uitgangspunten, organisatie, rechtszitting en rollen rechtssysteem.",
2335,ht_kb,Kerndoel 3 - Oorzaken criminaliteit,criminaliteitenrechtsstat-kerndoel3,/examenstof/criminaliteitenrechtsstat-kerndoel3/,2016-06-22 18:22:08,2017-01-22 13:42:32,436,,"Maatschappijkunde | Criminaliteit en Rechtsstaat | Kerndoel 3 - veelvoorkomende criminaliteit, verklaring crimineel gedrag en vertegenwoordiging groepen.",
2339,ht_kb,Kerndoel 4 - De rol van de overheid,criminaliteitenrechtsstaat-kerndoel4,/examenstof/criminaliteitenrechtsstaat-kerndoel4/,2016-06-22 18:26:02,2016-11-13 21:50:46,1035,Criminaliteit en Rechtsstaat - De rol van de overheid - Maatschappijkunde.nl,"Maatschappijkunde | Criminaliteit en Rechtsstaat | Kerndoel 4 - overheidsorganen, beleidsmaatregelen, politieke partijen en maatregelen.",
2343,ht_kb,Kerndoel 5 - Straffen en maatregelen,criminaliteitenrechtsstaat-kerndoel5,/examenstof/criminaliteitenrechtsstaat-kerndoel5/,2016-06-22 18:34:13,2016-11-13 21:55:49,282,Criminaliteit en Rechtsstaat - Straffen en maatregelen - Maatschappijkunde.nl,Maatschappijkunde | Criminaliteit en Rechtsstaat | Kerndoel 5 - doelen straffen en maatregelen en soorten straffen en maatregelen.,
2348,ht_kb,Kerndoel 1 - Functies en waardering arbeid,mensenwerk-kerndoel1,/examenstof/mensenwerk-kerndoel1/,2016-06-22 19:02:05,2016-12-07 22:48:47,496,Mens en Werk - Functies en waardering arbeid - Maatschappijkunde.nl,Maatschappijkunde | Mens en Werk | Kerndoel 1 - Functies en betekenis werk en Factoren waardering en beloning werk.,
4138,post,(ML2/K/6) 2. Het overheidsbeleid,ml2-k-6-2-het-overheidsbeleid,/ml2-k-6-2-het-overheidsbeleid/,2025-10-26 10:52:45,2025-10-26 10:52:45,1543,,,
2355,ht_kb,Kerndoel 2 - Beïnvloedingsfactoren bedrijfscultuur,mensenwerk-kerndoel2,/examenstof/mensenwerk-kerndoel2/,2016-06-22 19:24:33,2016-12-07 22:50:44,538,Mens en Werk - Beïnvloedingsfactoren bedrijfscultuur - Maatschappijkunde.nl,"Maatschappijkunde | Mens en Werk | Kerndoel 2 - Aspecten bedrijfscultuur, Sociale rollen werksituatie, Stijlen van leiderschap en Standpunten zorg&welzijn",
2359,ht_kb,Kerndoel 3 - Rol overheid op het gebied van arbeid en de verzorgingsstaat,mensenwerk-kerndoel3,/examenstof/mensenwerk-kerndoel3/,2016-06-22 19:33:57,2017-12-11 15:41:01,1080,Mens en Werk - Rol overheid op het gebied van arbeid en de verzorgingsstaat - Maatschappijkunde.n,"Maatschappijkunde | Mens en Werk | Kerndoel 3 - Verzorgingsstaat, Opvattingen rol overheid, Overheidsregels arbeid en Sociale verzekeringen & voorzieningen",
2366,ht_kb,Kerndoel 4 - De gevolgen van arbeidsdeling,mensenwerk-kerndoel4,/examenstof/mensenwerk-kerndoel4/,2016-06-22 19:53:27,2017-01-09 21:02:20,261,Mens en Werk - De gevolgen van arbeidsdeling - Maatschappijkunde.nl,Maatschappijkunde | Mens en Werk | Kerndoel 4 - De gevolgen van arbeidsdeling: Maatschappelijke arbeidsverdeling en Sociale ongelijkheid.,
2368,ht_kb,Kerndoel 5 - Arbeidsverhoudingen,mensenwerk-kerndoel5,/examenstof/mensenwerk-kerndoel5/,2016-06-22 19:57:33,2017-01-09 21:04:20,450,Mens en Werk - Arbeidsverhoudingen - Maatschappijkunde.nl,Maatschappijkunde | Mens en Werk | Kerndoel 5 - Arbeidsverhoudingen: Belangen(organisaties) en Pressiemiddelen.,
2410,ht_kb,Kerndoel 6 - Veranderingen op de arbeidsmarkt,mensenwerk-kerndoel6,/examenstof/mensenwerk-kerndoel6/,2016-06-23 11:42:37,2017-01-09 20:58:45,1473,Mens en Werk - Veranderingen op de arbeidsmarkt - Maatschappijkunde.nl,"Maatschappijkunde | Mens en Werk | Kerndoel 6 - Werkloosheid, Mechanisering en automatisering Positie arbeidsmarkt, Flexibilisering en werkgelegenheid.",
2414,ht_kb,Kerndoel 1 - De betekenis voor de samenleving,massamedia-kerndoel1,/examenstof/massamedia-kerndoel1/,2016-06-23 12:25:59,2024-08-23 11:33:59,467,Massamedia - De betekenis voor de samenleving - Maatschappijkunde.nl,"Maatschappijkunde | Massamedia | Kerndoel 1 - Soorten media, Functies media, Rol media, Technologische ontwikkelingen.",
2416,ht_kb,Kerndoel 2 - De inhoud en programmering van massamedia,massamedia-kerndoel2,/examenstof/massamedia-kerndoel2/,2016-06-23 14:37:41,2017-03-09 20:00:45,660,Massamedia - De inhoud en programmering van massamedia - Maatschappijkunde.nl,"Maatschappijkunde | Massamedia | Kerndoel 2 - Mediawetgeving, Commerciële belangen en Omroeporganisaties",
2420,ht_kb,Kerndoel 3 - Nieuwsvoorzieningen kritisch beoordelen,massamedia-kerndoel3,/examenstof/massamedia-kerndoel3/,2016-06-23 14:53:16,2018-03-11 16:08:49,239,Massamedia - Nieuwsvoorzieningen kritisch beoordelen - Maatschappijkunde.nl,Maatschappijkunde | Massamedia | Kerndoel 3 - Selectieprocessen nieuwsvoorziening en Vergelijken berichtgeving,
2424,ht_kb,Kerndoel 4 - De beïnvloeding door Massamedia,massamedia-kerndoel4,/examenstof/massamedia-kerndoel4/,2016-06-23 14:57:09,2017-04-03 07:35:48,783,Massamedia - Nieuwsvoorzieningen kritisch beoordelen - Maatschappijkunde.nl,"Maatschappijkunde | Massamedia | Kerndoel 4 - Beïnvloeding door Massamedia: Nieuwsselectie, Beeldvorming, Beïnvloedingstheorieën.",
2475,glossary,Maatschappelijke positie,maatschappelijke-positie,/begrippen/maatschappelijke-positie/,2016-06-26 12:04:42,2016-08-14 21:57:56,37,,,
2477,glossary,Maatschappelijke ladder,maatschappelijke-ladder,/begrippen/maatschappelijke-ladder/,2016-06-26 12:07:01,2016-08-14 21:58:09,37,,,
2479,glossary,Sociale klasse,sociale-klasse,/begrippen/sociale-klasse/,2016-06-26 12:08:14,2016-08-14 21:58:17,36,,,
2481,glossary,Sociale mobiliteit,sociale-mobiliteit,/begrippen/sociale-mobiliteit/,2016-06-26 12:09:51,2016-08-14 21:59:24,35,,,
2484,glossary,Bedrijfscultuur,bedrijfscultuur,/begrippen/bedrijfscultuur/,2016-06-26 12:11:51,2016-08-14 21:59:34,73,,,
2486,glossary,Werkverhoudingen,werkverhoudingen,/begrippen/werkverhoudingen/,2016-06-26 12:13:12,2016-08-14 21:59:42,27,,,
2488,glossary,Arbeidsvoorwaarden,arbeidsvoorwaarden,/begrippen/arbeidsvoorwaarden/,2016-06-26 12:15:11,2016-08-14 21:59:53,25,,,
2491,glossary,Medezeggenschap,medezeggenschap,/begrippen/medezeggenschap/,2016-06-26 12:19:49,2016-08-14 22:00:05,17,,,
2494,glossary,Sociale rol,sociale-rol,/begrippen/sociale-rol/,2016-06-26 12:21:26,2016-08-14 22:00:17,27,,,
2568,page,Leertips,leertips,/leertips/,2016-07-01 20:10:58,2024-04-09 13:06:02,36,,,
2583,ht_kb,Kerndoel 1 - Nederland als multiculturele samenleving,multiculturelemsamenleving-kerndoel-1,/examenstof/multiculturelemsamenleving-kerndoel-1/,2016-08-12 14:40:59,2025-10-25 20:02:36,1201,Multiculturele Samenleving - Nederland als multiculturele samenleving - Maatschappijkunde.nl,Maatschappijkunde | Multiculturele Samenleving | kerndoel 1 - Nederland als multiculturele samenleving: Recente en grote groepen migranten en problemen,
2586,ht_kb,Kerndoel 2 - Het overheidsbeleid,multiculturelesamenleving-kerndoel2,/examenstof/multiculturelesamenleving-kerndoel2/,2016-08-12 14:57:17,2018-02-04 16:58:11,1543,Multiculturele Samenleving - Het overheidsbeleid - Maatschappijkunde.nl,"Maatschappijkunde | Multiculturele Samenleving | kerndoel 2 - Het overheidsbeleid: toelatingsbeleid, immigratiebeleid en intergratiebeleid",
2589,ht_kb,Kerndoel 3 - Sociaaleconomische positie allochtonen,multiculturelesamenleving-kerndoel3,/examenstof/multiculturelesamenleving-kerndoel3/,2016-08-12 14:59:57,2018-02-04 16:58:24,315,Multiculturele Samenleving - Sociaaleconomische positie allochtonen - Maatschappijkunde.nl,Maatschappijkunde | Multiculturele Samenleving | Kerndoel 3 - Sociaaleconomische positie allochtonen: Maatschappelijke positie en maatregelen,
2591,ht_kb,Kerndoel 4 - Culturele differentiatie,multiculturelesamenleving-kerndoel4,/examenstof/multiculturelesamenleving-kerndoel4/,2016-08-14 17:26:28,2018-02-04 16:58:42,792,Multiculturele Samenleving - Culturele differentiatie - Maatschappijkunde.nl,"Maatschappijkunde | Multiculturele Samenleving | Kerndoel 4 - Culturele differentiatie: Autochtonen en allochtonen, Wederzijds beïnvloeding en verschillen",
2593,ht_kb,"Kerndoel 5 - Vooroordelen, stereotypen en discriminatie",multiculturelesamenleving-kerndoel5,/examenstof/multiculturelesamenleving-kerndoel5/,2016-08-14 17:33:44,2018-02-04 16:58:59,752,Multiculturele Samenleving - Vooroordelen en discriminatie - Maatschappijkunde.nl,"Maatschappijkunde | Multiculturele Samenleving | Kerndoel 5 - Vooroordelen en discriminatie: Vooroordelen, stereotypen en discriminatie: oorzaak en gevolg",
2612,glossary,Rechtse partijen,rechtse-partijen,/begrippen/rechtse-partijen/,2016-08-07 16:03:19,2016-08-14 22:01:33,10,,,
2614,glossary,Linkse partijen,linkse-partijen,/begrippen/linkse-partijen/,2016-08-07 16:04:54,2016-08-14 22:02:01,13,,,
2789,glossary,Betaald werk,betaald-werk,/begrippen/betaald-werk/,2016-08-14 22:06:29,2016-08-14 22:07:15,18,,,
2791,glossary,Onbetaald werk,onbetaald-werk,/begrippen/onbetaald-werk/,2016-08-14 22:08:30,2016-08-14 22:10:05,18,,,
2793,glossary,Vrijwilligers werk,vrijwilligers-werk,/begrippen/vrijwilligers-werk/,2016-08-14 22:12:48,2016-08-14 22:12:48,16,,,
2798,glossary,Autoritair leiderschap,autoritair-leiderschap,/begrippen/autoritair-leiderschap/,2016-08-15 07:16:03,2016-08-15 07:16:03,10,,,
2800,glossary,Consulterend leiderschap,consulterend-leiderschap,/begrippen/consulterend-leiderschap/,2016-08-15 07:17:14,2016-08-15 07:17:14,12,,,
2802,glossary,Democratisch leiderschap,democratisch-leiderschap,/begrippen/democratisch-leiderschap/,2016-08-15 07:18:29,2016-08-15 07:18:29,11,,,
2804,glossary,Laissez-faire leiderschap,laissez-faire-leiderschap,/begrippen/laissez-faire-leiderschap/,2016-08-15 07:19:35,2016-08-15 07:19:35,12,,,
2806,glossary,Verzorgingsstaat,verzorgingsstaat,/begrippen/verzorgingsstaat/,2016-08-16 07:11:12,2016-08-16 07:17:25,80,,,
2809,glossary,Vakbond,vakbond,/begrippen/vakbond/,2016-08-16 07:17:21,2016-12-04 14:19:30,96,,,
2812,glossary,Vergrijzing,vergrijzing,/begrippen/vergrijzing/,2016-08-16 07:21:28,2016-08-16 07:22:47,53,,,
2816,glossary,Participatiesamenleving,participatiesamenleving,/begrippen/participatiesamenleving/,2016-08-16 07:26:46,2016-08-16 07:29:22,44,,,
2819,glossary,Nachtwakersstaat,nachtwakersstaat,/begrippen/nachtwakersstaat/,2016-08-16 07:29:19,2016-08-16 07:29:19,39,,,
2822,glossary,Arbeidsomstandigheden,arbeidsomstandigheden,/begrippen/arbeidsomstandigheden/,2016-08-16 07:32:00,2016-08-16 07:32:00,59,,,
2824,glossary,Arboregels,arboregels,/begrippen/arboregels/,2016-08-16 07:35:00,2016-08-16 07:35:00,26,,,
2826,glossary,Arbeidsinspectie,arbeidsinspectie,/begrippen/arbeidsinspectie/,2016-08-16 07:37:44,2016-08-16 07:37:44,26,,,
2828,glossary,Medezeggenschapsraad,medezeggenschapsraad,/begrippen/medezeggenschapsraad/,2016-08-16 07:40:42,2016-08-16 07:40:42,37,,,
2830,glossary,Ondernemingsraad,ondernemingsraad,/begrippen/ondernemingsraad/,2016-08-16 07:42:01,2016-08-16 07:42:01,37,,,
2832,glossary,Sociale verzekeringen,sociale-verzekeringen,/begrippen/sociale-verzekeringen/,2016-08-16 10:19:41,2016-08-16 10:28:02,100,,,
2834,glossary,Volksverzekeringen,volksverzekeringen,/begrippen/volksverzekeringen/,2016-08-16 10:22:39,2016-08-16 10:28:00,107,,,
2838,glossary,Werknemersverzekeringen,werknemersverzekeringen,/begrippen/werknemersverzekeringen/,2016-08-16 10:26:34,2016-08-16 10:27:58,111,,,
2841,glossary,Sociale voorzieningen,sociale-voorzieningen,/begrippen/sociale-voorzieningen/,2016-08-16 10:31:00,2016-08-16 10:31:26,19,,,
2848,glossary,Arbeidsverdeling,arbeidsverdeling,/begrippen/arbeidsverdeling/,2016-08-16 10:34:17,2016-08-16 10:34:17,76,,,
2850,glossary,Sociale ongelijkheid,sociale-ongelijkheid,/begrippen/sociale-ongelijkheid/,2016-08-16 10:36:37,2016-10-08 17:07:33,84,,,
2852,glossary,Werkgeversorganisatie,werkgeversorganisatie,/begrippen/werkgeversorganisatie/,2016-08-16 10:44:31,2016-08-16 10:44:31,16,,,
2856,glossary,Collectieve arbeidsovereenkomst,collectieve-arbeidsovereenkomst,/begrippen/collectieve-arbeidsovereenkomst/,2016-08-16 10:47:05,2016-08-16 10:47:05,73,,,
2858,glossary,Sociale partners,sociale-partners,/begrippen/sociale-partners/,2016-08-16 10:48:36,2016-08-16 10:48:36,15,,,
2860,glossary,Pressiemiddelen,pressiemiddelen,/begrippen/pressiemiddelen/,2016-08-16 10:50:15,2016-08-16 10:51:43,55,,,
2863,glossary,Beroepsbevolking,beroepsbevolking,/begrippen/beroepsbevolking/,2016-08-16 10:52:40,2016-08-16 10:52:40,22,,,
2865,glossary,Conjuncturele werkloosheid,conjuncturele-werkloosheid,/begrippen/conjuncturele-werkloosheid/,2016-08-16 10:53:55,2016-08-16 10:53:55,11,,,
2867,glossary,Structurele werkloosheid,structurele-werkloosheid,/begrippen/structurele-werkloosheid/,2016-08-16 10:54:41,2016-08-16 10:55:40,31,,,
2870,glossary,Seizoenswerkloosheid,seizoenwerkloosheid,/begrippen/seizoenwerkloosheid/,2016-08-16 10:57:26,2017-01-18 07:22:39,20,,,
2872,glossary,Frictiewerkloosheid,frictiewerkloosheid,/begrippen/frictiewerkloosheid/,2016-08-16 10:58:25,2016-08-16 10:58:25,12,,,
2875,glossary,Mechanisering,mechanisering,/begrippen/mechanisering/,2016-08-16 11:00:20,2016-08-16 11:00:20,13,,,
2877,glossary,Automatisering,automatisering,/begrippen/automatisering/,2016-08-16 11:02:15,2016-08-16 11:03:15,90,,,
2880,glossary,Informatisering,informatisering,/begrippen/informatisering/,2016-08-16 11:04:19,2016-08-16 11:04:19,13,,,
2883,glossary,Positieve discriminatie,positieve-discriminatie,/begrippen/positieve-discriminatie/,2016-08-16 11:05:38,2016-08-17 06:52:52,22,,,
2887,glossary,Gedrukte media,gedrukte-media,/begrippen/gedrukte-media/,2016-08-17 06:54:24,2016-08-17 06:56:36,6,,,
2889,glossary,Audiovisuele media,audiovisuele-media,/begrippen/audiovisuele-media/,2016-08-17 06:56:06,2016-08-17 06:56:57,5,,,
2893,glossary,Interactieve media,interactieve-media,/begrippen/interactieve-media/,2016-08-17 06:58:46,2016-08-17 06:58:46,6,,,
2896,glossary,Amusementsfunctie,amusementsfunctie,/begrippen/amusementsfunctie/,2016-08-17 07:02:34,2016-12-04 10:59:24,16,,,
2898,glossary,Bindende functie,bindende-functie,/begrippen/bindende-functie/,2016-08-17 07:04:50,2016-08-17 07:04:50,15,,,
2901,glossary,Educatieve functie,educatieve-functie,/begrippen/educatieve-functie/,2016-08-17 07:06:46,2016-08-17 07:06:46,10,,,
2903,glossary,Informerende functie,informerende-functie,/begrippen/informerende-functie/,2016-08-17 07:08:20,2016-08-17 07:08:20,11,,,
2905,glossary,Socialiserende functie,socialiserende-functie,/begrippen/socialiserende-functie/,2016-08-17 07:09:54,2016-08-17 07:10:30,9,,,
2908,glossary,Agenda functie,agenda-functie,/begrippen/agenda-functie/,2016-08-17 07:12:41,2016-08-17 07:14:18,44,,,
2910,glossary,Commentaar functie,commentaar-functie,/begrippen/commentaar-functie/,2016-08-17 07:15:49,2016-08-17 07:15:49,18,,,
2913,glossary,Controlerende functie,controlerende-functie,/begrippen/controlerende-functie/,2016-08-17 07:17:15,2017-05-10 14:02:32,28,,,
2915,glossary,Opiniërende functie,opinierende-functie,/begrippen/opinierende-functie/,2016-08-17 07:19:37,2016-08-17 07:21:26,21,,,
2917,glossary,Spreekbuisfunctie,spreekbuisfunctie,/begrippen/spreekbuisfunctie/,2016-08-17 07:23:07,2016-08-17 07:23:49,57,,,
2920,glossary,Cultuuroverdracht,cultuuroverdracht,/begrippen/cultuuroverdracht/,2016-08-17 07:28:38,2016-08-17 07:28:38,50,,,
2926,glossary,Pluriformiteit,pluriformiteit,/begrippen/pluriformiteit/,2016-08-17 07:35:52,2016-08-17 07:35:52,28,,,
2928,glossary,Selectieve perceptie,selectieve-perceptie,/begrippen/selectieve-perceptie/,2016-08-17 07:41:09,2016-08-17 07:41:09,19,,,
2933,glossary,Migrant,migrant,/begrippen/migrant/,2016-08-18 15:29:54,2016-08-21 10:57:02,43,,,
2935,glossary,Integratie,integratie,/begrippen/integratie/,2016-08-18 15:41:39,2016-08-20 08:25:55,52,,,
2938,glossary,Inburgeren,inburgeren,/begrippen/inburgeren/,2016-08-18 15:48:38,2016-08-18 15:48:38,49,,,
2940,glossary,Cultuur,cultuur,/begrippen/cultuur/,2016-08-18 15:54:00,2016-08-18 16:09:12,68,,,
2942,glossary,westerse cultuur,westerse-cultuur,/begrippen/westerse-cultuur/,2016-08-18 15:59:58,2016-08-20 10:46:33,57,,,
2947,glossary,Niet-westerse cultuur,niet-westerse-cultuur,/begrippen/niet-westerse-cultuur/,2016-08-18 16:08:26,2016-08-20 10:46:25,60,,,
2955,glossary,Wij-cultuur,wij-cultuur,/begrippen/wij-cultuur/,2016-08-18 16:13:24,2016-08-18 16:15:24,17,,,
2958,glossary,Ik-cultuur,ik-cultuur,/begrippen/ik-cultuur/,2016-08-18 16:15:21,2016-08-18 16:15:21,16,,,
2961,glossary,Kapitalisme,kapitalisme,/begrippen/kapitalisme/,2016-08-18 16:18:09,2016-08-18 16:18:09,17,,,
2963,glossary,Secularisatie,secularisatie,/begrippen/secularisatie/,2016-08-18 16:20:50,2016-08-18 16:21:35,24,,,
2965,glossary,Toelatingsbeleid,toelatingsbeleid,/begrippen/toelatingsbeleid/,2016-08-18 16:23:24,2016-08-18 16:23:24,10,,,
2967,glossary,Immigratiebeleid,immigratiebeleid,/begrippen/immigratiebeleid/,2016-08-18 16:25:26,2016-08-18 16:25:26,9,,,
2969,glossary,Visum,visum,/begrippen/visum/,2016-08-18 16:30:12,2016-08-18 16:30:55,61,,,
2972,glossary,Verblijfsvergunning,verblijfsvergunning,/begrippen/verblijfsvergunning/,2016-08-18 16:32:45,2016-08-18 16:34:17,56,,,
2975,glossary,Asielzoeker,asielzoeker,/begrippen/asielzoeker/,2016-08-18 16:37:19,2016-08-20 10:06:14,5,,,
2977,glossary,De Universele Verklaring van de Rechten van de Mens,universele-verklaring-rechten-mens,/begrippen/universele-verklaring-rechten-mens/,2016-08-18 16:38:43,2016-09-04 08:57:23,65,,,
2983,glossary,Integratiebeleid,integratiebeleid,/begrippen/integratiebeleid/,2016-08-20 08:18:19,2016-08-20 08:18:19,7,,,
2990,glossary,Gezinshereniging,gezinshereniging,/begrippen/gezinshereniging/,2016-08-20 08:44:33,2016-08-20 08:44:33,22,,,
2993,glossary,Repatriëren,repatrieren,/begrippen/repatrieren/,2016-08-20 08:46:25,2016-08-20 08:46:25,24,,,
2995,glossary,Kolonie,kolonie,/begrippen/kolonie/,2016-08-20 08:49:25,2016-08-20 08:49:25,45,,,
2998,glossary,Moederland,moederland,/begrippen/moederland/,2016-08-20 08:58:30,2016-08-20 08:58:30,9,,,
3000,glossary,Vaderland,vaderland,/begrippen/vaderland/,2016-08-20 08:59:23,2016-08-20 08:59:23,10,,,
3005,glossary,Machtiging tot Voorlopig Verblijf,machtiging-tot-voorlopig-verblijf,/begrippen/machtiging-tot-voorlopig-verblijf/,2016-08-20 09:05:48,2016-08-20 10:04:02,13,,,
3008,glossary,Vreemdelingenidentiteitsbewijs,vreemdelingenidentiteisbewijs,/begrippen/vreemdelingenidentiteisbewijs/,2016-08-20 10:05:58,2016-09-26 15:09:22,13,,,
3012,glossary,Allochtoon,allochtoon,/begrippen/allochtoon/,2016-08-20 10:13:57,2016-08-20 10:37:52,12,,,
3014,glossary,Autochtoon,autochtoon,/begrippen/autochtoon/,2016-08-20 10:15:02,2016-08-20 10:37:45,11,,,
3016,glossary,Grondwet,grondwet,/begrippen/grondwet/,2016-08-20 10:17:39,2017-04-03 09:25:53,49,,,
3019,glossary,Verenigde Naties,verenigde-naties,/begrippen/verenigde-naties/,2016-08-20 10:21:21,2016-08-20 10:21:21,36,,,
3021,glossary,Vluchtelingenverdrag van Genève,vluchtelingenverdrag-van-geneve,/begrippen/vluchtelingenverdrag-van-geneve/,2016-08-20 10:23:45,2016-08-20 10:23:45,49,,,
3023,glossary,Verdrag van Maastricht,verdrag-van-maastricht,/begrippen/verdrag-van-maastricht/,2016-08-20 10:25:08,2016-08-20 10:25:08,22,,,
3026,glossary,Multicultureel drama,multicultureel-drama,/begrippen/multicultureel-drama/,2016-08-20 10:29:50,2016-08-20 10:29:50,15,,,
3031,glossary,Vooroordeel,vooroordeel,/begrippen/vooroordeel/,2016-08-20 10:33:45,2016-08-20 10:55:17,17,,,
3034,glossary,Discriminatie,discriminatie,/begrippen/discriminatie/,2016-08-20 10:39:12,2016-08-20 10:40:29,7,,,
3036,glossary,Racisme,racisme,/begrippen/racisme/,2016-08-20 10:40:23,2016-08-20 10:40:39,14,,,
3044,glossary,Stereotypen,stereotypen,/begrippen/stereotypen/,2016-08-20 10:56:14,2016-12-04 10:56:24,25,,,
3071,page,Leerjaar 3 (normaal),leerjaar3,/planning/leerjaar3/,2016-08-20 12:13:51,2024-04-09 13:02:57,501,,,
3079,page,leerjaar 4,leerjaar4,/planning/leerjaar4/,2016-08-20 12:29:04,2024-04-09 13:02:58,236,,,
3165,glossary,Recht van vragen,recht-van-vragen,/begrippen/recht-van-vragen/,2016-09-25 16:11:11,2016-09-25 16:11:11,34,,,
3210,glossary,Xenofobie,xenofobie,/begrippen/xenofobie/,2016-11-13 15:19:44,2017-01-15 20:32:28,49,,,
3213,glossary,Eigenrichting,eigenrichting,/begrippen/eigenrichting/,2016-11-13 21:23:15,2016-11-13 21:23:15,10,,,
3239,glossary,Minderheidskabinet,minderheidskabinet,/begrippen/minderheidskabinet/,2016-12-04 10:57:24,2016-12-04 10:57:24,14,,,
3243,glossary,Burgerinitiatief,burgerinitiatief,/begrippen/burgerinitiatief/,2016-12-04 11:03:30,2016-12-04 11:03:30,33,,,
3247,glossary,Portefeuille,portefeuille,/begrippen/portefeuille/,2016-12-04 11:09:45,2016-12-04 11:09:45,120,,,
3300,glossary,Hechtenis,hechentnis,/begrippen/hechentnis/,2017-01-15 20:32:10,2017-01-15 20:32:57,50,,,
3307,glossary,Vonnis,vonnis,/begrippen/vonnis/,2017-01-15 20:37:49,2017-01-15 20:37:49,5,,,
3309,glossary,Fouilleren,fouilleren,/begrippen/fouilleren/,2017-01-15 20:39:02,2017-01-15 20:39:02,6,,,
3311,glossary,Advocaat,advocaat,/begrippen/advocaat/,2017-01-15 20:43:17,2017-01-15 20:43:17,19,,,
3313,glossary,Vandalisme,vandalisme,/begrippen/vandalisme/,2017-01-15 20:47:31,2017-01-15 20:47:31,11,,,
3315,glossary,Socialisatie,socialisatie,/begrippen/socialisatie/,2017-01-15 20:49:48,2017-01-15 20:54:57,7,,,
3318,glossary,Vergelding,vergelding,/begrippen/vergelding/,2017-01-15 20:56:05,2017-01-15 20:56:05,1,,,
3320,glossary,Terbeschikkingstelling (TBS),terbeschikkingstelling-tbs,/begrippen/terbeschikkingstelling-tbs/,2017-01-15 21:01:48,2017-01-15 21:01:48,11,,,
3465,glossary,Jurisprudentie,jurisprudentie,/begrippen/jurisprudentie/,2017-05-15 10:25:20,2017-05-15 10:38:55,60,,,
3547,ht_kb,Kerndoel 1 - Vrijheidsrechten en plichten; het beginsel rechtsstaat,rechtsstaat-kerndoel1,/examenstof/rechtsstaat-kerndoel1/,2017-09-02 11:36:14,2018-03-28 08:25:28,132,,,
3549,ht_kb,Kerndoel 2 - De praktijk van de rechtsstaat,rechtsstaat-kerndoel2,/examenstof/rechtsstaat-kerndoel2/,2017-09-02 13:10:00,2018-03-28 08:29:54,79,,,
3561,ht_kb,Kerndoel 3 - Internationale vergelijking en internationale organisaties,rechtsstaat-kerndoel3,/examenstof/rechtsstaat-kerndoel3/,2017-09-02 13:13:16,2018-04-11 10:07:14,36,,,
3587,ht_kb,Kerndoel 2 - Sociale rechten en plichten; kenmerken van een verzorgingsstaat,verzorgingsstaat-kerndoel2,/examenstof/verzorgingsstaat-kerndoel2/,2017-09-02 15:40:12,2017-12-11 15:42:10,1355,,,
3593,ht_kb,Kerndoel 4 - Internationale vergelijking en internationale organisaties,verzorgingsstaat-kerndoel4,/examenstof/verzorgingsstaat-kerndoel4/,2017-09-02 15:47:27,2018-02-16 13:31:52,46,,,
3598,ht_kb,Kerndoel 1 - Geschiedenis van de pluriforme samenleving,pluriformesamenleving-kerndoel1,/examenstof/pluriformesamenleving-kerndoel1/,2017-09-02 15:54:12,2024-07-26 08:51:24,424,,,
3600,ht_kb,Kerndoel 2 - Grondrechten die horen bij de pluriforme samenleving,pluriformesamenleving-kerndoel2,/examenstof/pluriformesamenleving-kerndoel2/,2017-09-02 15:58:55,2017-09-03 15:14:47,361,,,
3603,ht_kb,Kerndoel 3 - De praktijk van de pluriforme samenleving,pluriformesamenleving-kerndoel3,/examenstof/pluriformesamenleving-kerndoel3/,2017-09-02 16:02:44,2017-09-03 15:31:26,438,,,
3605,ht_kb,Kerndoel 4 - Internationale vergelijking en internationale organisaties,pluriformesamenleving-kerndoel4,/examenstof/pluriformesamenleving-kerndoel4/,2017-09-02 16:04:40,2017-09-03 20:02:39,143,,,
3629,ht_kb,Kerndoel 1 - Socialisatieprocessen,cultuurensocialisatie-kerndoel1,/examenstof/cultuurensocialisatie-kerndoel1/,2017-09-03 20:28:34,2017-09-19 07:55:51,100,,,
3631,ht_kb,Kerndoel 2 - Subculturen,cultuurensocialisatie-kerndoel2,/examenstof/cultuurensocialisatie-kerndoel2/,2017-09-03 20:28:30,2017-09-19 07:56:11,61,,,
3634,ht_kb,Kerndoel 3 - Rol onderwijs,cultuurensocialisatie-kerndoel3,/examenstof/cultuurensocialisatie-kerndoel3/,2017-09-03 20:29:36,2017-09-18 13:57:33,38,,,
3640,ht_kb,Kerndoel 1 - Sociale verschillen en sociale mobiliteit,socialeverschillen-kerndoel1,/examenstof/socialeverschillen-kerndoel1/,2017-09-03 20:37:18,2017-09-13 12:19:58,182,,,
3642,ht_kb,Kerndoel 2 - Belangen en conflicten,socialeverschillen-kerndoel2,/examenstof/socialeverschillen-kerndoel2/,2017-09-03 20:38:39,2017-09-13 12:19:35,138,,,
3644,ht_kb,Kerndoel 3 - Overheidsbeleid,socialeverschillen-kerndoel3,/examenstof/socialeverschillen-kerndoel3/,2017-09-03 20:39:38,2017-09-13 13:17:40,51,,,
3659,ht_kb,Kerndoel 1 - Machtsvormen,machtenzeggenschap-kerndoel1,/examenstof/machtenzeggenschap-kerndoel1/,2017-09-11 10:14:39,2017-09-13 13:14:19,72,,,
3661,ht_kb,Kerndoel 2 - Regels,machtenzeggenschap-kerndoel2,/examenstof/machtenzeggenschap-kerndoel2/,2017-09-11 10:16:16,2017-09-13 13:14:34,76,,,
3662,ht_kb,Kerndoel 3 - Invloed burgers,machtenzeggenschap-kerndoel3,/examenstof/machtenzeggenschap-kerndoel3/,2017-09-11 10:17:02,2017-09-13 13:14:48,72,,,
3663,ht_kb,Kerndoel 4 - Kenmerken parlementaire democratie,machtenzeggenschap-kerndoel4,/examenstof/machtenzeggenschap-kerndoel4/,2017-09-11 10:18:54,2017-09-13 13:15:00,66,,,
3676,ht_kb,Kerndoel 1 - Selectieve waarneming,beeldvormingenstereotypering-kerndoel1,/examenstof/beeldvormingenstereotypering-kerndoel1/,2017-09-11 10:23:46,2017-09-13 11:53:19,83,,,
3678,ht_kb,Kerndoel 2 - Vooroordelen en beeldvorming,beeldvormingenstereotypering-kerndoel2,/examenstof/beeldvormingenstereotypering-kerndoel2/,2017-09-11 10:26:24,2017-09-13 11:53:42,51,,,
3685,ht_kb,Kerndoel 4 - Beeldvorming sociaal probleem,beeldvormingenstereotypring-kerndoel4,/examenstof/beeldvormingenstereotypring-kerndoel4/,2017-09-11 10:30:28,2017-09-13 11:55:58,59,,,
3772,page,Leerjaar 3 (versneld),leerjaar-3-versneld,/leerjaar-3-versneld/,2017-11-06 11:53:50,2024-04-09 13:02:58,482,,,
3790,ht_kb,Kerndoel 1 - Geschiedenis van de verzorgingsstaat,verzorgingsstaat-kerndoel1,/examenstof/verzorgingsstaat-kerndoel1/,2017-11-13 08:23:14,2018-01-23 10:54:59,444,,,
3794,glossary,Propaganda,propaganda,/begrippen/propaganda/,2017-11-18 16:40:14,2017-11-18 16:40:14,47,,,
3796,glossary,Zwevende kiezer,zwevende-kiezer,/begrippen/zwevende-kiezer/,2017-11-18 16:43:16,2017-11-18 16:43:16,56,,,
3798,glossary,Kiesrecht,kiesrecht,/begrippen/kiesrecht/,2017-11-18 16:48:52,2017-12-11 15:32:36,56,,,
3814,glossary,Emancipatiebeleid,emancipatiebeleid,/begrippen/emancipatiebeleid/,2017-12-11 15:33:23,2017-12-11 15:33:23,71,,,
3826,glossary,Cassatie,cassatie,/begrippen/cassatie/,2018-01-08 07:36:09,2018-01-08 07:38:12,87,,,
3833,ht_kb,Kerndoel 3 - De praktijk van de verzorgingsstaat,verzorgingsstaat-kerndoel3-2,/examenstof/verzorgingsstaat-kerndoel3-2/,2018-01-22 09:30:02,2018-01-22 09:32:12,72,,,
3900,glossary,Ecologische stroming,ecologische-stroming,/begrippen/ecologische-stroming/,2018-02-26 18:33:05,2018-02-26 18:33:05,45,,,
3918,glossary,Politieke functie,politieke-functie,/begrippen/politieke-functie/,2018-04-07 20:12:36,2018-04-07 20:12:36,32,,,
3954,page,Downloads,downloads,/downloads/,2018-04-09 19:26:00,2019-04-14 15:44:05,41,,,
4123,page,Contact Support,contact-support,/contact-support/,2024-04-09 13:20:03,2024-04-09 13:20:03,13,,,
4124,page,Knowledge Base Archive,examenstof-2,/examenstof-2/,2024-04-09 13:20:03,2024-04-09 13:20:03,10,,,
4133,post,(ML2/K/6) 1. Nederland als multiculturele samenleving,multiculturelemsamenleving-kerndoel-1,/multiculturelemsamenleving-kerndoel-1/,2025-10-26 10:52:46,2025-10-26 10:52:46,1201,,Maatschappijkunde | Multiculturele Samenleving | kerndoel 1 - Nederland als multiculturele samenleving: Recente en grote groepen migranten en problemen,
4140,post,(ML2/K/6) 3. Sociaaleconomische positie allochtonen,ml2-k-6-3-sociaaleconomische-positie-allochtonen,/ml2-k-6-3-sociaaleconomische-positie-allochtonen/,2025-10-26 10:52:46,2025-10-26 10:52:46,315,,,
4142,post,(ML2/K/6) 4. Culturele differentiatie,ml2-k-6-4-culturele-differentiatie,/ml2-k-6-4-culturele-differentiatie/,2025-10-26 10:52:45,2025-10-26 10:52:45,792,,,
4148,post,"(ML2/K/6) 5. Vooroordelen, stereotypen en discriminatie",ml2-k-6-5-vooroordelen-stereotypen-en-discriminatie,/ml2-k-6-5-vooroordelen-stereotypen-en-discriminatie/,2025-10-26 10:52:45,2025-10-26 10:52:45,752,,,
