sitemap,url,path,images,lastmod
post-sitemap.xml,https://maatschappijkunde.nl/,/,0,2025-10-26 09:52 +00:00
post-sitemap.xml,https://maatschappijkunde.nl/ml2-k-6-2-het-overheidsbeleid/,/ml2-k-6-2-het-overheidsbeleid/,2,2025-10-26 09:52 +00:00
post-sitemap.xml,https://maatschappijkunde.nl/ml2-k-6-4-culturele-differentiatie/,/ml2-k-6-4-culturele-differentiatie/,0,2025-10-26 09:52 +00:00
post-sitemap.xml,https://maatschappijkunde.nl/ml2-k-6-5-vooroordelen-stereotypen-en-discriminatie/,/ml2-k-6-5-vooroordelen-stereotypen-en-discriminatie/,0,2025-10-26 09:52 +00:00
post-sitemap.xml,https://maatschappijkunde.nl/multiculturelemsamenleving-kerndoel-1/,/multiculturelemsamenleving-kerndoel-1/,0,2025-10-26 09:52 +00:00
post-sitemap.xml,https://maatschappijkunde.nl/ml2-k-6-3-sociaaleconomische-positie-allochtonen/,/ml2-k-6-3-sociaaleconomische-positie-allochtonen/,2,2025-10-26 09:52 +00:00
page-sitemap.xml,https://maatschappijkunde.nl/home/,/home/,1,2016-06-22 19:38 +00:00
page-sitemap.xml,https://maatschappijkunde.nl/examenstof/mens-en-werk/,/examenstof/mens-en-werk/,0,2016-03-07 08:26 +00:00
page-sitemap.xml,https://maatschappijkunde.nl/examenstof/,/examenstof/,0,2016-04-24 11:42 +00:00
page-sitemap.xml,https://maatschappijkunde.nl/examenstof/politiekenbeleid/,/examenstof/politiekenbeleid/,0,2016-06-18 18:16 +00:00
page-sitemap.xml,https://maatschappijkunde.nl/examenstof/criminaliteit-en-rechtsstaat/,/examenstof/criminaliteit-en-rechtsstaat/,0,2016-06-18 18:17 +00:00
page-sitemap.xml,https://maatschappijkunde.nl/websites/,/websites/,0,2016-06-21 12:13 +00:00
page-sitemap.xml,https://maatschappijkunde.nl/begrippen/,/begrippen/,0,2016-06-26 17:22 +00:00
page-sitemap.xml,https://maatschappijkunde.nl/examenstof/analyse-maatschappelijk-vraagstuk/,/examenstof/analyse-maatschappelijk-vraagstuk/,0,2018-04-12 19:09 +00:00
page-sitemap.xml,https://maatschappijkunde.nl/downloads/,/downloads/,8,2019-04-14 14:44 +00:00
page-sitemap.xml,https://maatschappijkunde.nl/over/,/over/,0,2024-01-22 18:23 +00:00
page-sitemap.xml,https://maatschappijkunde.nl/planning/,/planning/,0,2024-04-09 12:02 +00:00
page-sitemap.xml,https://maatschappijkunde.nl/planning/leerjaar3/,/planning/leerjaar3/,0,2024-04-09 12:02 +00:00
page-sitemap.xml,https://maatschappijkunde.nl/planning/leerjaar4/,/planning/leerjaar4/,0,2024-04-09 12:02 +00:00
page-sitemap.xml,https://maatschappijkunde.nl/leerjaar-3-versneld/,/leerjaar-3-versneld/,0,2024-04-09 12:02 +00:00
page-sitemap.xml,https://maatschappijkunde.nl/leertips/,/leertips/,0,2024-04-09 12:06 +00:00
page-sitemap.xml,https://maatschappijkunde.nl/contact-support/,/contact-support/,0,2024-04-09 12:20 +00:00
page-sitemap.xml,https://maatschappijkunde.nl/examenstof-2/,/examenstof-2/,0,2024-04-09 12:20 +00:00
ht_kb-sitemap.xml,https://maatschappijkunde.nl/examenstof/criminaliteitenrechtsstaat-kerndoel4/,/examenstof/criminaliteitenrechtsstaat-kerndoel4/,0,2016-11-13 20:50 +00:00
ht_kb-sitemap.xml,https://maatschappijkunde.nl/examenstof/criminaliteitenrechtsstaat-kerndoel5/,/examenstof/criminaliteitenrechtsstaat-kerndoel5/,0,2016-11-13 20:55 +00:00
ht_kb-sitemap.xml,https://maatschappijkunde.nl/examenstof/mensenwerk-kerndoel1/,/examenstof/mensenwerk-kerndoel1/,0,2016-12-07 21:48 +00:00
ht_kb-sitemap.xml,https://maatschappijkunde.nl/examenstof/mensenwerk-kerndoel2/,/examenstof/mensenwerk-kerndoel2/,0,2016-12-07 21:50 +00:00
ht_kb-sitemap.xml,https://maatschappijkunde.nl/examenstof/mensenwerk-kerndoel6/,/examenstof/mensenwerk-kerndoel6/,0,2017-01-09 19:58 +00:00
ht_kb-sitemap.xml,https://maatschappijkunde.nl/examenstof/mensenwerk-kerndoel4/,/examenstof/mensenwerk-kerndoel4/,0,2017-01-09 20:02 +00:00
ht_kb-sitemap.xml,https://maatschappijkunde.nl/examenstof/mensenwerk-kerndoel5/,/examenstof/mensenwerk-kerndoel5/,0,2017-01-09 20:04 +00:00
ht_kb-sitemap.xml,https://maatschappijkunde.nl/examenstof/criminaliteitenrechtsstat-kerndoel3/,/examenstof/criminaliteitenrechtsstat-kerndoel3/,0,2017-01-22 12:42 +00:00
ht_kb-sitemap.xml,https://maatschappijkunde.nl/examenstof/massamedia-kerndoel2/,/examenstof/massamedia-kerndoel2/,0,2017-03-09 19:00 +00:00
ht_kb-sitemap.xml,https://maatschappijkunde.nl/examenstof/massamedia-kerndoel4/,/examenstof/massamedia-kerndoel4/,0,2017-04-03 06:35 +00:00
ht_kb-sitemap.xml,https://maatschappijkunde.nl/examenstof/politiekenbeleid-kerndoel4/,/examenstof/politiekenbeleid-kerndoel4/,0,2017-05-08 18:27 +00:00
ht_kb-sitemap.xml,https://maatschappijkunde.nl/examenstof/criminaliteitenrechtsstaat-kerndoel2/,/examenstof/criminaliteitenrechtsstaat-kerndoel2/,0,2017-06-07 19:52 +00:00
ht_kb-sitemap.xml,https://maatschappijkunde.nl/examenstof/politiekenbeleid-kerndoel1-3/,/examenstof/politiekenbeleid-kerndoel1-3/,2,2017-06-18 18:17 +00:00
ht_kb-sitemap.xml,https://maatschappijkunde.nl/examenstof/politiekenbeleid-kerndoel1-4/,/examenstof/politiekenbeleid-kerndoel1-4/,0,2017-06-19 18:59 +00:00
ht_kb-sitemap.xml,https://maatschappijkunde.nl/examenstof/pluriformesamenleving-kerndoel2/,/examenstof/pluriformesamenleving-kerndoel2/,0,2017-09-03 14:14 +00:00
ht_kb-sitemap.xml,https://maatschappijkunde.nl/examenstof/pluriformesamenleving-kerndoel3/,/examenstof/pluriformesamenleving-kerndoel3/,1,2017-09-03 14:31 +00:00
ht_kb-sitemap.xml,https://maatschappijkunde.nl/examenstof/pluriformesamenleving-kerndoel4/,/examenstof/pluriformesamenleving-kerndoel4/,0,2017-09-03 19:02 +00:00
ht_kb-sitemap.xml,https://maatschappijkunde.nl/examenstof/beeldvormingenstereotypering-kerndoel1/,/examenstof/beeldvormingenstereotypering-kerndoel1/,0,2017-09-13 10:53 +00:00
ht_kb-sitemap.xml,https://maatschappijkunde.nl/examenstof/beeldvormingenstereotypering-kerndoel2/,/examenstof/beeldvormingenstereotypering-kerndoel2/,0,2017-09-13 10:53 +00:00
ht_kb-sitemap.xml,https://maatschappijkunde.nl/examenstof/beeldvormingenstereotypring-kerndoel4/,/examenstof/beeldvormingenstereotypring-kerndoel4/,0,2017-09-13 10:55 +00:00
ht_kb-sitemap.xml,https://maatschappijkunde.nl/examenstof/socialeverschillen-kerndoel2/,/examenstof/socialeverschillen-kerndoel2/,0,2017-09-13 11:19 +00:00
ht_kb-sitemap.xml,https://maatschappijkunde.nl/examenstof/socialeverschillen-kerndoel1/,/examenstof/socialeverschillen-kerndoel1/,0,2017-09-13 11:19 +00:00
ht_kb-sitemap.xml,https://maatschappijkunde.nl/examenstof/machtenzeggenschap-kerndoel1/,/examenstof/machtenzeggenschap-kerndoel1/,0,2017-09-13 12:14 +00:00
ht_kb-sitemap.xml,https://maatschappijkunde.nl/examenstof/machtenzeggenschap-kerndoel2/,/examenstof/machtenzeggenschap-kerndoel2/,0,2017-09-13 12:14 +00:00
ht_kb-sitemap.xml,https://maatschappijkunde.nl/examenstof/machtenzeggenschap-kerndoel3/,/examenstof/machtenzeggenschap-kerndoel3/,0,2017-09-13 12:14 +00:00
ht_kb-sitemap.xml,https://maatschappijkunde.nl/examenstof/machtenzeggenschap-kerndoel4/,/examenstof/machtenzeggenschap-kerndoel4/,0,2017-09-13 12:15 +00:00
ht_kb-sitemap.xml,https://maatschappijkunde.nl/examenstof/socialeverschillen-kerndoel3/,/examenstof/socialeverschillen-kerndoel3/,0,2017-09-13 12:17 +00:00
ht_kb-sitemap.xml,https://maatschappijkunde.nl/examenstof/cultuurensocialisatie-kerndoel3/,/examenstof/cultuurensocialisatie-kerndoel3/,0,2017-09-18 12:57 +00:00
ht_kb-sitemap.xml,https://maatschappijkunde.nl/examenstof/cultuurensocialisatie-kerndoel1/,/examenstof/cultuurensocialisatie-kerndoel1/,0,2017-09-19 06:55 +00:00
ht_kb-sitemap.xml,https://maatschappijkunde.nl/examenstof/cultuurensocialisatie-kerndoel2/,/examenstof/cultuurensocialisatie-kerndoel2/,0,2017-09-19 06:56 +00:00
ht_kb-sitemap.xml,https://maatschappijkunde.nl/examenstof/politiekenbeleid-kerndoel2/,/examenstof/politiekenbeleid-kerndoel2/,2,2017-09-21 07:13 +00:00
ht_kb-sitemap.xml,https://maatschappijkunde.nl/examenstof/politiekenbeleid-kerndoel3/,/examenstof/politiekenbeleid-kerndoel3/,0,2017-10-22 15:26 +00:00
ht_kb-sitemap.xml,https://maatschappijkunde.nl/examenstof/politiekenbeleid-kerndoel1-2/,/examenstof/politiekenbeleid-kerndoel1-2/,1,2017-11-03 11:23 +00:00
ht_kb-sitemap.xml,https://maatschappijkunde.nl/examenstof/criminaliteitenrechtsstaat-kerndoel1/,/examenstof/criminaliteitenrechtsstaat-kerndoel1/,0,2017-12-11 12:35 +00:00
ht_kb-sitemap.xml,https://maatschappijkunde.nl/examenstof/mensenwerk-kerndoel3/,/examenstof/mensenwerk-kerndoel3/,0,2017-12-11 14:41 +00:00
ht_kb-sitemap.xml,https://maatschappijkunde.nl/examenstof/verzorgingsstaat-kerndoel2/,/examenstof/verzorgingsstaat-kerndoel2/,0,2017-12-11 14:42 +00:00
ht_kb-sitemap.xml,https://maatschappijkunde.nl/examenstof/verzorgingsstaat-kerndoel3-2/,/examenstof/verzorgingsstaat-kerndoel3-2/,0,2018-01-22 08:32 +00:00
ht_kb-sitemap.xml,https://maatschappijkunde.nl/examenstof/verzorgingsstaat-kerndoel1/,/examenstof/verzorgingsstaat-kerndoel1/,0,2018-01-23 09:54 +00:00
ht_kb-sitemap.xml,https://maatschappijkunde.nl/examenstof/amv-kerndoel2/,/examenstof/amv-kerndoel2/,0,2018-01-29 19:50 +00:00
ht_kb-sitemap.xml,https://maatschappijkunde.nl/examenstof/multiculturelesamenleving-kerndoel2/,/examenstof/multiculturelesamenleving-kerndoel2/,2,2018-02-04 15:58 +00:00
ht_kb-sitemap.xml,https://maatschappijkunde.nl/examenstof/multiculturelesamenleving-kerndoel3/,/examenstof/multiculturelesamenleving-kerndoel3/,2,2018-02-04 15:58 +00:00
ht_kb-sitemap.xml,https://maatschappijkunde.nl/examenstof/multiculturelesamenleving-kerndoel4/,/examenstof/multiculturelesamenleving-kerndoel4/,0,2018-02-04 15:58 +00:00
ht_kb-sitemap.xml,https://maatschappijkunde.nl/examenstof/multiculturelesamenleving-kerndoel5/,/examenstof/multiculturelesamenleving-kerndoel5/,0,2018-02-04 15:58 +00:00
ht_kb-sitemap.xml,https://maatschappijkunde.nl/examenstof/verzorgingsstaat-kerndoel4/,/examenstof/verzorgingsstaat-kerndoel4/,0,2018-02-16 12:31 +00:00
ht_kb-sitemap.xml,https://maatschappijkunde.nl/examenstof/massamedia-kerndoel3/,/examenstof/massamedia-kerndoel3/,0,2018-03-11 15:08 +00:00
ht_kb-sitemap.xml,https://maatschappijkunde.nl/examenstof/amv-kerndoel3/,/examenstof/amv-kerndoel3/,0,2018-03-11 15:09 +00:00
ht_kb-sitemap.xml,https://maatschappijkunde.nl/examenstof/rechtsstaat-kerndoel1/,/examenstof/rechtsstaat-kerndoel1/,0,2018-03-28 07:25 +00:00
ht_kb-sitemap.xml,https://maatschappijkunde.nl/examenstof/rechtsstaat-kerndoel2/,/examenstof/rechtsstaat-kerndoel2/,0,2018-03-28 07:29 +00:00
ht_kb-sitemap.xml,https://maatschappijkunde.nl/examenstof/politiekenbeleid-kerndoel1-1/,/examenstof/politiekenbeleid-kerndoel1-1/,0,2018-04-07 19:06 +00:00
ht_kb-sitemap.xml,https://maatschappijkunde.nl/examenstof/rechtsstaat-kerndoel3/,/examenstof/rechtsstaat-kerndoel3/,0,2018-04-11 09:07 +00:00
ht_kb-sitemap.xml,https://maatschappijkunde.nl/examenstof/politiekenbeleid-kerndoel5/,/examenstof/politiekenbeleid-kerndoel5/,0,2018-04-23 10:30 +00:00
ht_kb-sitemap.xml,https://maatschappijkunde.nl/examenstof/pluriformesamenleving-kerndoel1/,/examenstof/pluriformesamenleving-kerndoel1/,0,2024-07-26 07:51 +00:00
ht_kb-sitemap.xml,https://maatschappijkunde.nl/examenstof/massamedia-kerndoel1/,/examenstof/massamedia-kerndoel1/,0,2024-08-23 10:33 +00:00
ht_kb-sitemap.xml,https://maatschappijkunde.nl/examenstof/amv-kerndoel1/,/examenstof/amv-kerndoel1/,0,2024-10-13 16:40 +00:00
ht_kb-sitemap.xml,https://maatschappijkunde.nl/examenstof/multiculturelemsamenleving-kerndoel-1/,/examenstof/multiculturelemsamenleving-kerndoel-1/,0,2025-10-25 19:02 +00:00
category-sitemap.xml,https://maatschappijkunde.nl/category/examenstof/,/category/examenstof/,0,2025-10-26 09:52 +00:00
category-sitemap.xml,https://maatschappijkunde.nl/category/multiculti/,/category/multiculti/,0,2025-10-26 09:52 +00:00
ht_kb_category-sitemap.xml,https://maatschappijkunde.nl/kerndoelen/cultuur-en-socialisatie/,/kerndoelen/cultuur-en-socialisatie/,0,2017-09-19 06:56 +00:00
ht_kb_category-sitemap.xml,https://maatschappijkunde.nl/kerndoelen/domein-b-rechtsstaat/,/kerndoelen/domein-b-rechtsstaat/,0,2018-04-11 09:07 +00:00
ht_kb_category-sitemap.xml,https://maatschappijkunde.nl/kerndoelen/multiculturelesamenleving/,/kerndoelen/multiculturelesamenleving/,0,2025-10-25 19:02 +00:00
ht_kb_category-sitemap.xml,https://maatschappijkunde.nl/kerndoelen/beeldvorming-en-stereotypering/,/kerndoelen/beeldvorming-en-stereotypering/,0,2017-09-13 10:55 +00:00
ht_kb_category-sitemap.xml,https://maatschappijkunde.nl/kerndoelen/mensenwerk/,/kerndoelen/mensenwerk/,0,2017-12-11 14:41 +00:00
ht_kb_category-sitemap.xml,https://maatschappijkunde.nl/kerndoelen/domein-d-verzorgingsstaat/,/kerndoelen/domein-d-verzorgingsstaat/,0,2018-02-16 12:31 +00:00
ht_kb_category-sitemap.xml,https://maatschappijkunde.nl/kerndoelen/macht-en-zeggenschap/,/kerndoelen/macht-en-zeggenschap/,0,2017-09-13 12:15 +00:00
ht_kb_category-sitemap.xml,https://maatschappijkunde.nl/kerndoelen/massamedia/,/kerndoelen/massamedia/,0,2024-08-23 10:33 +00:00
ht_kb_category-sitemap.xml,https://maatschappijkunde.nl/kerndoelen/domien-e-pluriforme-samenleving/,/kerndoelen/domien-e-pluriforme-samenleving/,0,2024-07-26 07:51 +00:00
ht_kb_category-sitemap.xml,https://maatschappijkunde.nl/kerndoelen/politiekenbeleid/,/kerndoelen/politiekenbeleid/,0,2018-04-23 10:30 +00:00
ht_kb_category-sitemap.xml,https://maatschappijkunde.nl/kerndoelen/sociale-verschillen/,/kerndoelen/sociale-verschillen/,0,2017-09-13 12:17 +00:00
ht_kb_category-sitemap.xml,https://maatschappijkunde.nl/kerndoelen/criminaliteit-en-rechtsstaat/,/kerndoelen/criminaliteit-en-rechtsstaat/,0,2017-12-11 12:35 +00:00
ht_kb_category-sitemap.xml,https://maatschappijkunde.nl/kerndoelen/amv/,/kerndoelen/amv/,0,2024-10-13 16:40 +00:00
ht_kb_category-sitemap.xml,https://maatschappijkunde.nl/kerndoelen/maatschappijleer-vmbo/,/kerndoelen/maatschappijleer-vmbo/,0,
ht_kb_category-sitemap.xml,https://maatschappijkunde.nl/kerndoelen/maatschappijleer/,/kerndoelen/maatschappijleer/,0,
ht_kb_tag-sitemap.xml,https://maatschappijkunde.nl/kerndoel-tags/cse/,/kerndoel-tags/cse/,0,2024-10-13 16:40 +00:00
ht_kb_tag-sitemap.xml,https://maatschappijkunde.nl/kerndoel-tags/havo/,/kerndoel-tags/havo/,0,2024-07-26 07:51 +00:00
ht_kb_tag-sitemap.xml,https://maatschappijkunde.nl/kerndoel-tags/maatschappijleer/,/kerndoel-tags/maatschappijleer/,0,2017-09-19 06:56 +00:00
ht_kb_tag-sitemap.xml,https://maatschappijkunde.nl/kerndoel-tags/se/,/kerndoel-tags/se/,0,2025-10-25 19:02 +00:00
ht_kb_tag-sitemap.xml,https://maatschappijkunde.nl/kerndoel-tags/vmbo/,/kerndoel-tags/vmbo/,0,2017-09-19 06:56 +00:00
